{
    "MEGCoordinateSystem": "KitYokogawa",
    "MEGCoordinateUnits": "m",
    "MEGCoordinateSystemDescription": "ALS orientation and the origin between the ears",
    "HeadCoilCoordinates": {
        "NAS": [
            0.0,
            0.10833245553181592,
            0.0
        ],
        "LPA": [
            -0.08096786628148929,
            -5.551115123125783e-17,
            2.7755575615628914e-17
        ],
        "RPA": [
            0.08303033686031344,
            0.0,
            0.0
        ],
        "coil1": [
            -0.08094408784413272,
            0.01544638064492393,
            -0.005311380283695974
        ],
        "coil2": [
            0.08174281106097633,
            0.00875726495580148,
            -0.005369482920163926
        ],
        "coil3": [
            -0.0003212275259165606,
            0.11534855045030612,
            0.03267286693743493
        ],
        "coil4": [
            -0.04061780829055965,
            0.10451510895416594,
            0.030482193367890126
        ],
        "coil5": [
            0.04421351969509324,
            0.10249985672110462,
            0.037629514264402725
        ]
    },
    "HeadCoilCoordinateSystem": "KitYokogawa",
    "HeadCoilCoordinateUnits": "m",
    "AnatomicalLandmarkCoordinates": {
        "NAS": [
            0.0,
            0.10833245553181592,
            0.0
        ],
        "LPA": [
            -0.08096786628148929,
            -5.551115123125783e-17,
            2.7755575615628914e-17
        ],
        "RPA": [
            0.08303033686031344,
            0.0,
            0.0
        ],
        "coil1": [
            -0.08094408784413272,
            0.01544638064492393,
            -0.005311380283695974
        ],
        "coil2": [
            0.08174281106097633,
            0.00875726495580148,
            -0.005369482920163926
        ],
        "coil3": [
            -0.0003212275259165606,
            0.11534855045030612,
            0.03267286693743493
        ],
        "coil4": [
            -0.04061780829055965,
            0.10451510895416594,
            0.030482193367890126
        ],
        "coil5": [
            0.04421351969509324,
            0.10249985672110462,
            0.037629514264402725
        ]
    },
    "AnatomicalLandmarkCoordinateSystem": "KitYokogawa",
    "AnatomicalLandmarkCoordinateUnits": "m"
}
