{
    "MEGCoordinateSystem": "KitYokogawa",
    "MEGCoordinateUnits": "m",
    "MEGCoordinateSystemDescription": "ALS orientation and the origin between the ears",
    "HeadCoilCoordinates": {
        "NAS": [
            0.0,
            0.10706711688892756,
            0.0
        ],
        "LPA": [
            -0.06925440384569592,
            5.551115123125783e-17,
            0.0
        ],
        "RPA": [
            0.08876625000388794,
            0.0,
            0.0
        ],
        "coil1": [
            -0.06721469842644862,
            0.011514870856550508,
            -0.007158422383434615
        ],
        "coil2": [
            0.08141444211353555,
            0.012206318250263748,
            -0.009333935081016598
        ],
        "coil3": [
            0.0045040226526176785,
            0.11519801044795147,
            0.029677976057280786
        ],
        "coil4": [
            -0.034953825450802334,
            0.1018969670477542,
            0.026030900225398723
        ],
        "coil5": [
            0.046951162438501226,
            0.09566597806815225,
            0.02665314398720864
        ]
    },
    "HeadCoilCoordinateSystem": "KitYokogawa",
    "HeadCoilCoordinateUnits": "m",
    "AnatomicalLandmarkCoordinates": {
        "NAS": [
            0.0,
            0.10706711688892756,
            0.0
        ],
        "LPA": [
            -0.06925440384569592,
            5.551115123125783e-17,
            0.0
        ],
        "RPA": [
            0.08876625000388794,
            0.0,
            0.0
        ],
        "coil1": [
            -0.06721469842644862,
            0.011514870856550508,
            -0.007158422383434615
        ],
        "coil2": [
            0.08141444211353555,
            0.012206318250263748,
            -0.009333935081016598
        ],
        "coil3": [
            0.0045040226526176785,
            0.11519801044795147,
            0.029677976057280786
        ],
        "coil4": [
            -0.034953825450802334,
            0.1018969670477542,
            0.026030900225398723
        ],
        "coil5": [
            0.046951162438501226,
            0.09566597806815225,
            0.02665314398720864
        ]
    },
    "AnatomicalLandmarkCoordinateSystem": "KitYokogawa",
    "AnatomicalLandmarkCoordinateUnits": "m"
}
