{
    "MEGCoordinateSystem": "KitYokogawa",
    "MEGCoordinateUnits": "m",
    "MEGCoordinateSystemDescription": "ALS orientation and the origin between the ears",
    "HeadCoilCoordinates": {
        "NAS": [
            0.0,
            0.10316254369419559,
            0.0
        ],
        "LPA": [
            -0.07378394567494462,
            5.551115123125783e-17,
            -5.551115123125783e-17
        ],
        "RPA": [
            0.07477152369855236,
            0.0,
            -5.551115123125783e-17
        ],
        "coil1": [
            -0.07064594380294376,
            0.006481135691364659,
            -0.0036839305546438883
        ],
        "coil2": [
            0.06722570673800912,
            0.008113604372542271,
            -0.00941071996044096
        ],
        "coil3": [
            -0.004947593788634519,
            0.10978589636634145,
            0.03139071839004398
        ],
        "coil4": [
            -0.04538913795342864,
            0.09163342015748543,
            0.031895764075028754
        ],
        "coil5": [
            0.04072888260611854,
            0.09018165837780934,
            0.035386625198086274
        ]
    },
    "HeadCoilCoordinateSystem": "KitYokogawa",
    "HeadCoilCoordinateUnits": "m",
    "AnatomicalLandmarkCoordinates": {
        "NAS": [
            0.0,
            0.10316254369419559,
            0.0
        ],
        "LPA": [
            -0.07378394567494462,
            5.551115123125783e-17,
            -5.551115123125783e-17
        ],
        "RPA": [
            0.07477152369855236,
            0.0,
            -5.551115123125783e-17
        ],
        "coil1": [
            -0.07064594380294376,
            0.006481135691364659,
            -0.0036839305546438883
        ],
        "coil2": [
            0.06722570673800912,
            0.008113604372542271,
            -0.00941071996044096
        ],
        "coil3": [
            -0.004947593788634519,
            0.10978589636634145,
            0.03139071839004398
        ],
        "coil4": [
            -0.04538913795342864,
            0.09163342015748543,
            0.031895764075028754
        ],
        "coil5": [
            0.04072888260611854,
            0.09018165837780934,
            0.035386625198086274
        ]
    },
    "AnatomicalLandmarkCoordinateSystem": "KitYokogawa",
    "AnatomicalLandmarkCoordinateUnits": "m"
}
