{
    "AnatomicalLandmarkCoordinates": {
        "LPA": [
            205.67062749888726,
            192.56785849235348,
            120.81089140153257
        ],
        "NAS": [
            123.4304351810283,
            179.21928996461355,
            223.42764895132365
        ],
        "RPA": [
            46.91926795837054,
            192.8241191190569,
            115.18304841038693
        ]
    }
}
