{
    "MEGCoordinateSystem": "KitYokogawa",
    "MEGCoordinateUnits": "m",
    "MEGCoordinateSystemDescription": "ALS orientation and the origin between the ears",
    "HeadCoilCoordinates": {
        "NAS": [
            0.0,
            0.11562371739160032,
            -1.3877787807814457e-17
        ],
        "LPA": [
            -0.08388435124030788,
            1.1275702593849246e-17,
            -1.3877787807814457e-17
        ],
        "RPA": [
            0.08010805956336314,
            -1.5612511283791264e-17,
            -1.3877787807814457e-17
        ],
        "coil1": [
            -0.08137073106910686,
            0.011957010699905787,
            -0.005999483164179212
        ],
        "coil2": [
            0.07697931017242783,
            0.009508370937414464,
            0.0011050928582040376
        ],
        "coil3": [
            -0.004779001142792255,
            0.12353744163193763,
            0.036133979697026
        ],
        "coil4": [
            -0.04485477319512238,
            0.1090347720014796,
            0.038905269961409306
        ],
        "coil5": [
            0.03824036459606471,
            0.1111055341857758,
            0.032261788119052615
        ]
    },
    "HeadCoilCoordinateSystem": "KitYokogawa",
    "HeadCoilCoordinateUnits": "m",
    "AnatomicalLandmarkCoordinates": {
        "NAS": [
            0.0,
            0.11562371739160032,
            -1.3877787807814457e-17
        ],
        "LPA": [
            -0.08388435124030788,
            1.1275702593849246e-17,
            -1.3877787807814457e-17
        ],
        "RPA": [
            0.08010805956336314,
            -1.5612511283791264e-17,
            -1.3877787807814457e-17
        ],
        "coil1": [
            -0.08137073106910686,
            0.011957010699905787,
            -0.005999483164179212
        ],
        "coil2": [
            0.07697931017242783,
            0.009508370937414464,
            0.0011050928582040376
        ],
        "coil3": [
            -0.004779001142792255,
            0.12353744163193763,
            0.036133979697026
        ],
        "coil4": [
            -0.04485477319512238,
            0.1090347720014796,
            0.038905269961409306
        ],
        "coil5": [
            0.03824036459606471,
            0.1111055341857758,
            0.032261788119052615
        ]
    },
    "AnatomicalLandmarkCoordinateSystem": "KitYokogawa",
    "AnatomicalLandmarkCoordinateUnits": "m"
}
