{
    "MEGCoordinateSystem": "KitYokogawa",
    "MEGCoordinateUnits": "m",
    "MEGCoordinateSystemDescription": "ALS orientation and the origin between the ears",
    "HeadCoilCoordinates": {
        "NAS": [
            -1.3877787807814457e-17,
            0.09485460193526357,
            0.0
        ],
        "LPA": [
            -0.06908542230892628,
            0.0,
            0.0
        ],
        "RPA": [
            0.07420451938954047,
            0.0,
            0.0
        ],
        "coil1": [
            -0.06827074776473777,
            0.007830072557653,
            -0.002275933819103959
        ],
        "coil2": [
            0.07378772028192632,
            0.010613022104131065,
            -0.004925734192089332
        ],
        "coil3": [
            -0.0060680447905389,
            0.10249515363952866,
            0.02461009558401725
        ],
        "coil4": [
            -0.0418956637741743,
            0.08903047789217905,
            0.02387508146021919
        ],
        "coil5": [
            0.04050565521879968,
            0.09103039052833461,
            0.025431673251888887
        ]
    },
    "HeadCoilCoordinateSystem": "KitYokogawa",
    "HeadCoilCoordinateUnits": "m",
    "AnatomicalLandmarkCoordinates": {
        "NAS": [
            -1.3877787807814457e-17,
            0.09485460193526357,
            0.0
        ],
        "LPA": [
            -0.06908542230892628,
            0.0,
            0.0
        ],
        "RPA": [
            0.07420451938954047,
            0.0,
            0.0
        ],
        "coil1": [
            -0.06827074776473777,
            0.007830072557653,
            -0.002275933819103959
        ],
        "coil2": [
            0.07378772028192632,
            0.010613022104131065,
            -0.004925734192089332
        ],
        "coil3": [
            -0.0060680447905389,
            0.10249515363952866,
            0.02461009558401725
        ],
        "coil4": [
            -0.0418956637741743,
            0.08903047789217905,
            0.02387508146021919
        ],
        "coil5": [
            0.04050565521879968,
            0.09103039052833461,
            0.025431673251888887
        ]
    },
    "AnatomicalLandmarkCoordinateSystem": "KitYokogawa",
    "AnatomicalLandmarkCoordinateUnits": "m"
}
