{
    "MEGCoordinateSystem": "KitYokogawa",
    "MEGCoordinateUnits": "m",
    "MEGCoordinateSystemDescription": "ALS orientation and the origin between the ears",
    "HeadCoilCoordinates": {
        "NAS": [
            0.0,
            0.11588171562372374,
            0.0
        ],
        "LPA": [
            -0.07908530412100861,
            0.0,
            0.0
        ],
        "RPA": [
            0.07941383786307282,
            0.0,
            0.0
        ],
        "coil1": [
            -0.07813657706660537,
            0.009696969171939296,
            0.001161664643820004
        ],
        "coil2": [
            0.07713757775356228,
            0.013352049785776587,
            -0.0033860054595343803
        ],
        "coil3": [
            0.0001501330498204223,
            0.11757714159199545,
            0.04482445186160633
        ],
        "coil4": [
            -0.043576096657000685,
            0.10302459394404079,
            0.03833856661514046
        ],
        "coil5": [
            0.04234208450380139,
            0.10824021371633141,
            0.037424214024241786
        ]
    },
    "HeadCoilCoordinateSystem": "KitYokogawa",
    "HeadCoilCoordinateUnits": "m",
    "AnatomicalLandmarkCoordinates": {
        "NAS": [
            0.0,
            0.11588171562372374,
            0.0
        ],
        "LPA": [
            -0.07908530412100861,
            0.0,
            0.0
        ],
        "RPA": [
            0.07941383786307282,
            0.0,
            0.0
        ],
        "coil1": [
            -0.07813657706660537,
            0.009696969171939296,
            0.001161664643820004
        ],
        "coil2": [
            0.07713757775356228,
            0.013352049785776587,
            -0.0033860054595343803
        ],
        "coil3": [
            0.0001501330498204223,
            0.11757714159199545,
            0.04482445186160633
        ],
        "coil4": [
            -0.043576096657000685,
            0.10302459394404079,
            0.03833856661514046
        ],
        "coil5": [
            0.04234208450380139,
            0.10824021371633141,
            0.037424214024241786
        ]
    },
    "AnatomicalLandmarkCoordinateSystem": "KitYokogawa",
    "AnatomicalLandmarkCoordinateUnits": "m"
}
