{
    "MEGCoordinateSystem": "KitYokogawa",
    "MEGCoordinateUnits": "m",
    "MEGCoordinateSystemDescription": "ALS orientation and the origin between the ears",
    "HeadCoilCoordinates": {
        "NAS": [
            0.0,
            0.09771575663883209,
            0.0
        ],
        "LPA": [
            -0.07336040789963304,
            0.0,
            0.0
        ],
        "RPA": [
            0.07872215816630365,
            0.0,
            0.0
        ],
        "coil1": [
            -0.07252621910244378,
            0.00962232321004447,
            -0.0035602731007723376
        ],
        "coil2": [
            0.07732928428628141,
            0.007585017748884038,
            -0.0003024133156223907
        ],
        "coil3": [
            0.0027420350653420966,
            0.10616568996343667,
            0.042089146296998864
        ],
        "coil4": [
            -0.037433754182131185,
            0.09458340837246637,
            0.04301277798770936
        ],
        "coil5": [
            0.04496450915153016,
            0.09385503349734936,
            0.0370837797934189
        ]
    },
    "HeadCoilCoordinateSystem": "KitYokogawa",
    "HeadCoilCoordinateUnits": "m",
    "AnatomicalLandmarkCoordinates": {
        "NAS": [
            0.0,
            0.09771575663883209,
            0.0
        ],
        "LPA": [
            -0.07336040789963304,
            0.0,
            0.0
        ],
        "RPA": [
            0.07872215816630365,
            0.0,
            0.0
        ],
        "coil1": [
            -0.07252621910244378,
            0.00962232321004447,
            -0.0035602731007723376
        ],
        "coil2": [
            0.07732928428628141,
            0.007585017748884038,
            -0.0003024133156223907
        ],
        "coil3": [
            0.0027420350653420966,
            0.10616568996343667,
            0.042089146296998864
        ],
        "coil4": [
            -0.037433754182131185,
            0.09458340837246637,
            0.04301277798770936
        ],
        "coil5": [
            0.04496450915153016,
            0.09385503349734936,
            0.0370837797934189
        ]
    },
    "AnatomicalLandmarkCoordinateSystem": "KitYokogawa",
    "AnatomicalLandmarkCoordinateUnits": "m"
}
