{
    "MEGCoordinateSystem": "KitYokogawa",
    "MEGCoordinateUnits": "m",
    "MEGCoordinateSystemDescription": "ALS orientation and the origin between the ears",
    "HeadCoilCoordinates": {
        "NAS": [
            -2.7755575615628914e-17,
            0.10744560141421478,
            -2.7755575615628914e-17
        ],
        "LPA": [
            -0.07786983209361437,
            0.0,
            0.0
        ],
        "RPA": [
            0.06609406053457212,
            0.0,
            -2.7755575615628914e-17
        ],
        "coil1": [
            -0.08342859323073382,
            0.012478974978203383,
            0.004107265971887403
        ],
        "coil2": [
            0.06642458716219599,
            0.012781817083512226,
            0.0029951564119534146
        ],
        "coil3": [
            0.013768073248193957,
            0.11256031399125144,
            -0.03682889009862597
        ],
        "coil4": [
            0.04579222176011985,
            0.0905229320195462,
            -0.037555773018548705
        ],
        "coil5": [
            -0.03913289256786176,
            0.10737923234820085,
            -0.04170318244485985
        ]
    },
    "HeadCoilCoordinateSystem": "KitYokogawa",
    "HeadCoilCoordinateUnits": "m",
    "AnatomicalLandmarkCoordinates": {
        "NAS": [
            -2.7755575615628914e-17,
            0.10744560141421478,
            -2.7755575615628914e-17
        ],
        "LPA": [
            -0.07786983209361437,
            0.0,
            0.0
        ],
        "RPA": [
            0.06609406053457212,
            0.0,
            -2.7755575615628914e-17
        ],
        "coil1": [
            -0.08342859323073382,
            0.012478974978203383,
            0.004107265971887403
        ],
        "coil2": [
            0.06642458716219599,
            0.012781817083512226,
            0.0029951564119534146
        ],
        "coil3": [
            0.013768073248193957,
            0.11256031399125144,
            -0.03682889009862597
        ],
        "coil4": [
            0.04579222176011985,
            0.0905229320195462,
            -0.037555773018548705
        ],
        "coil5": [
            -0.03913289256786176,
            0.10737923234820085,
            -0.04170318244485985
        ]
    },
    "AnatomicalLandmarkCoordinateSystem": "KitYokogawa",
    "AnatomicalLandmarkCoordinateUnits": "m"
}
