{
    "MEGCoordinateSystem": "KitYokogawa",
    "MEGCoordinateUnits": "m",
    "MEGCoordinateSystemDescription": "ALS orientation and the origin between the ears",
    "HeadCoilCoordinates": {
        "NAS": [
            0.0,
            0.10163114603785223,
            0.0
        ],
        "LPA": [
            -0.06773943153417195,
            -5.551115123125783e-17,
            0.0
        ],
        "RPA": [
            0.07860441247253719,
            0.0,
            0.0
        ],
        "coil1": [
            -0.06697207340583922,
            0.009637144205663417,
            -0.008491580344796301
        ],
        "coil2": [
            0.07378348176111171,
            0.008279437983550797,
            -0.006947848390125605
        ],
        "coil3": [
            -0.0008262321739646028,
            0.11588959659492737,
            0.02679774228747911
        ],
        "coil4": [
            -0.03951406290492754,
            0.103263513345149,
            0.0264891933091497
        ],
        "coil5": [
            0.04590248930677282,
            0.09829386793879513,
            0.028985241061291106
        ]
    },
    "HeadCoilCoordinateSystem": "KitYokogawa",
    "HeadCoilCoordinateUnits": "m",
    "AnatomicalLandmarkCoordinates": {
        "NAS": [
            0.0,
            0.10163114603785223,
            0.0
        ],
        "LPA": [
            -0.06773943153417195,
            -5.551115123125783e-17,
            0.0
        ],
        "RPA": [
            0.07860441247253719,
            0.0,
            0.0
        ],
        "coil1": [
            -0.06697207340583922,
            0.009637144205663417,
            -0.008491580344796301
        ],
        "coil2": [
            0.07378348176111171,
            0.008279437983550797,
            -0.006947848390125605
        ],
        "coil3": [
            -0.0008262321739646028,
            0.11588959659492737,
            0.02679774228747911
        ],
        "coil4": [
            -0.03951406290492754,
            0.103263513345149,
            0.0264891933091497
        ],
        "coil5": [
            0.04590248930677282,
            0.09829386793879513,
            0.028985241061291106
        ]
    },
    "AnatomicalLandmarkCoordinateSystem": "KitYokogawa",
    "AnatomicalLandmarkCoordinateUnits": "m"
}
