{
    "MEGCoordinateSystem": "KitYokogawa",
    "MEGCoordinateUnits": "m",
    "MEGCoordinateSystemDescription": "ALS orientation and the origin between the ears",
    "HeadCoilCoordinates": {
        "NAS": [
            0.0,
            0.11154611482005855,
            0.0
        ],
        "LPA": [
            -0.08819246656835439,
            -5.551115123125783e-17,
            0.0
        ],
        "RPA": [
            0.08352316784892866,
            -1.1102230246251565e-16,
            0.0
        ],
        "coil1": [
            -0.08650111378667215,
            0.007225635620446147,
            -0.0013052729363756954
        ],
        "coil2": [
            0.08306050889938338,
            0.006516796222019616,
            -0.004760083615555161
        ],
        "coil3": [
            -0.004348296776608751,
            0.11838631292235174,
            0.026372074353829572
        ],
        "coil4": [
            -0.04463179287208005,
            0.10599803399634106,
            0.025402966502502067
        ],
        "coil5": [
            0.03961148304400053,
            0.10772514372896763,
            0.02610240291746921
        ]
    },
    "HeadCoilCoordinateSystem": "KitYokogawa",
    "HeadCoilCoordinateUnits": "m",
    "AnatomicalLandmarkCoordinates": {
        "NAS": [
            0.0,
            0.11154611482005855,
            0.0
        ],
        "LPA": [
            -0.08819246656835439,
            -5.551115123125783e-17,
            0.0
        ],
        "RPA": [
            0.08352316784892866,
            -1.1102230246251565e-16,
            0.0
        ],
        "coil1": [
            -0.08650111378667215,
            0.007225635620446147,
            -0.0013052729363756954
        ],
        "coil2": [
            0.08306050889938338,
            0.006516796222019616,
            -0.004760083615555161
        ],
        "coil3": [
            -0.004348296776608751,
            0.11838631292235174,
            0.026372074353829572
        ],
        "coil4": [
            -0.04463179287208005,
            0.10599803399634106,
            0.025402966502502067
        ],
        "coil5": [
            0.03961148304400053,
            0.10772514372896763,
            0.02610240291746921
        ]
    },
    "AnatomicalLandmarkCoordinateSystem": "KitYokogawa",
    "AnatomicalLandmarkCoordinateUnits": "m"
}
