{
    "MEGCoordinateSystem": "KitYokogawa",
    "MEGCoordinateUnits": "m",
    "MEGCoordinateSystemDescription": "ALS orientation and the origin between the ears",
    "HeadCoilCoordinates": {
        "NAS": [
            -1.3877787807814457e-17,
            0.11044450803995491,
            -2.7755575615628914e-17
        ],
        "LPA": [
            -0.07152168469039542,
            -3.469446951953614e-18,
            0.0
        ],
        "RPA": [
            0.08343123500555615,
            -1.3877787807814457e-17,
            0.0
        ],
        "coil1": [
            -0.07107605665921345,
            0.012293356968672682,
            0.0009123705160800355
        ],
        "coil2": [
            0.08061946281078294,
            0.011815408981890763,
            -0.0053241817357558285
        ],
        "coil3": [
            0.00119987482394536,
            0.11953442545984733,
            0.03495673533278523
        ],
        "coil4": [
            -0.041270362423232745,
            0.09687366799976944,
            0.039223489668803235
        ],
        "coil5": [
            0.04781345963746673,
            0.10074619695317504,
            0.03156030450709216
        ]
    },
    "HeadCoilCoordinateSystem": "KitYokogawa",
    "HeadCoilCoordinateUnits": "m",
    "AnatomicalLandmarkCoordinates": {
        "NAS": [
            -1.3877787807814457e-17,
            0.11044450803995491,
            -2.7755575615628914e-17
        ],
        "LPA": [
            -0.07152168469039542,
            -3.469446951953614e-18,
            0.0
        ],
        "RPA": [
            0.08343123500555615,
            -1.3877787807814457e-17,
            0.0
        ],
        "coil1": [
            -0.07107605665921345,
            0.012293356968672682,
            0.0009123705160800355
        ],
        "coil2": [
            0.08061946281078294,
            0.011815408981890763,
            -0.0053241817357558285
        ],
        "coil3": [
            0.00119987482394536,
            0.11953442545984733,
            0.03495673533278523
        ],
        "coil4": [
            -0.041270362423232745,
            0.09687366799976944,
            0.039223489668803235
        ],
        "coil5": [
            0.04781345963746673,
            0.10074619695317504,
            0.03156030450709216
        ]
    },
    "AnatomicalLandmarkCoordinateSystem": "KitYokogawa",
    "AnatomicalLandmarkCoordinateUnits": "m"
}
