{
    "MEGCoordinateSystem": "KitYokogawa",
    "MEGCoordinateUnits": "m",
    "MEGCoordinateSystemDescription": "ALS orientation and the origin between the ears",
    "HeadCoilCoordinates": {
        "NAS": [
            1.3877787807814457e-17,
            0.09653586189221741,
            -6.938893903907228e-18
        ],
        "LPA": [
            -0.06862949734120699,
            0.0,
            1.3877787807814457e-17
        ],
        "RPA": [
            0.07654864810103926,
            5.551115123125783e-17,
            -6.938893903907228e-18
        ],
        "coil1": [
            -0.06911371585182272,
            0.013992158522756815,
            -0.005649100589299183
        ],
        "coil2": [
            0.0741369286767869,
            0.01305664268944684,
            -0.0008408732596529786
        ],
        "coil3": [
            -0.0011786945081763353,
            0.10640104375632375,
            0.032466997104821746
        ],
        "coil4": [
            -0.03938783378793601,
            0.09315156387372858,
            0.030264514017343425
        ],
        "coil5": [
            0.03795471130144741,
            0.0928306414596457,
            0.03510242531777304
        ]
    },
    "HeadCoilCoordinateSystem": "KitYokogawa",
    "HeadCoilCoordinateUnits": "m",
    "AnatomicalLandmarkCoordinates": {
        "NAS": [
            1.3877787807814457e-17,
            0.09653586189221741,
            -6.938893903907228e-18
        ],
        "LPA": [
            -0.06862949734120699,
            0.0,
            1.3877787807814457e-17
        ],
        "RPA": [
            0.07654864810103926,
            5.551115123125783e-17,
            -6.938893903907228e-18
        ],
        "coil1": [
            -0.06911371585182272,
            0.013992158522756815,
            -0.005649100589299183
        ],
        "coil2": [
            0.0741369286767869,
            0.01305664268944684,
            -0.0008408732596529786
        ],
        "coil3": [
            -0.0011786945081763353,
            0.10640104375632375,
            0.032466997104821746
        ],
        "coil4": [
            -0.03938783378793601,
            0.09315156387372858,
            0.030264514017343425
        ],
        "coil5": [
            0.03795471130144741,
            0.0928306414596457,
            0.03510242531777304
        ]
    },
    "AnatomicalLandmarkCoordinateSystem": "KitYokogawa",
    "AnatomicalLandmarkCoordinateUnits": "m"
}
