{
    "MEGCoordinateSystem": "KitYokogawa",
    "MEGCoordinateUnits": "m",
    "MEGCoordinateSystemDescription": "ALS orientation and the origin between the ears",
    "HeadCoilCoordinates": {
        "NAS": [
            5.551115123125783e-17,
            0.12285408944842635,
            0.0
        ],
        "LPA": [
            -0.07791910826580373,
            -5.551115123125783e-17,
            0.0
        ],
        "RPA": [
            0.0983022865852472,
            0.0,
            0.0
        ],
        "coil1": [
            -0.07745571318821387,
            0.01160102632682597,
            0.00034008761570364365
        ],
        "coil2": [
            0.09966464019959073,
            0.014377004233050994,
            -0.0074886234597768
        ],
        "coil3": [
            -0.005756654949800211,
            0.13049748551874235,
            0.03535640262627432
        ],
        "coil4": [
            -0.04349955195916594,
            0.11695003044765306,
            0.03320329625936569
        ],
        "coil5": [
            0.04370876078957597,
            0.11416802776893237,
            0.03703288347252548
        ]
    },
    "HeadCoilCoordinateSystem": "KitYokogawa",
    "HeadCoilCoordinateUnits": "m",
    "AnatomicalLandmarkCoordinates": {
        "NAS": [
            5.551115123125783e-17,
            0.12285408944842635,
            0.0
        ],
        "LPA": [
            -0.07791910826580373,
            -5.551115123125783e-17,
            0.0
        ],
        "RPA": [
            0.0983022865852472,
            0.0,
            0.0
        ],
        "coil1": [
            -0.07745571318821387,
            0.01160102632682597,
            0.00034008761570364365
        ],
        "coil2": [
            0.09966464019959073,
            0.014377004233050994,
            -0.0074886234597768
        ],
        "coil3": [
            -0.005756654949800211,
            0.13049748551874235,
            0.03535640262627432
        ],
        "coil4": [
            -0.04349955195916594,
            0.11695003044765306,
            0.03320329625936569
        ],
        "coil5": [
            0.04370876078957597,
            0.11416802776893237,
            0.03703288347252548
        ]
    },
    "AnatomicalLandmarkCoordinateSystem": "KitYokogawa",
    "AnatomicalLandmarkCoordinateUnits": "m"
}
