{
    "MEGCoordinateSystem": "KitYokogawa",
    "MEGCoordinateUnits": "m",
    "MEGCoordinateSystemDescription": "ALS orientation and the origin between the ears",
    "HeadCoilCoordinates": {
        "NAS": [
            0.0,
            0.10163369340689009,
            0.0
        ],
        "LPA": [
            -0.07444147850825013,
            6.938893903907228e-18,
            0.0
        ],
        "RPA": [
            0.07353427385821024,
            -6.938893903907228e-18,
            0.0
        ],
        "coil1": [
            -0.06965601489914262,
            0.0047997965798371595,
            1.523804748564117e-05
        ],
        "coil2": [
            0.06858746180884698,
            0.008012479258889347,
            0.003159908809466219
        ],
        "coil3": [
            0.000845759542888222,
            0.11137539419228944,
            0.0300294912669756
        ],
        "coil4": [
            -0.040153755063702876,
            0.09629957214270043,
            0.03392731038194857
        ],
        "coil5": [
            0.04135543366223185,
            0.09909042129543033,
            0.030843542990159414
        ]
    },
    "HeadCoilCoordinateSystem": "KitYokogawa",
    "HeadCoilCoordinateUnits": "m",
    "AnatomicalLandmarkCoordinates": {
        "NAS": [
            0.0,
            0.10163369340689009,
            0.0
        ],
        "LPA": [
            -0.07444147850825013,
            6.938893903907228e-18,
            0.0
        ],
        "RPA": [
            0.07353427385821024,
            -6.938893903907228e-18,
            0.0
        ],
        "coil1": [
            -0.06965601489914262,
            0.0047997965798371595,
            1.523804748564117e-05
        ],
        "coil2": [
            0.06858746180884698,
            0.008012479258889347,
            0.003159908809466219
        ],
        "coil3": [
            0.000845759542888222,
            0.11137539419228944,
            0.0300294912669756
        ],
        "coil4": [
            -0.040153755063702876,
            0.09629957214270043,
            0.03392731038194857
        ],
        "coil5": [
            0.04135543366223185,
            0.09909042129543033,
            0.030843542990159414
        ]
    },
    "AnatomicalLandmarkCoordinateSystem": "KitYokogawa",
    "AnatomicalLandmarkCoordinateUnits": "m"
}
