{
    "MEGCoordinateSystem": "KitYokogawa",
    "MEGCoordinateUnits": "m",
    "MEGCoordinateSystemDescription": "ALS orientation and the origin between the ears",
    "HeadCoilCoordinates": {
        "NAS": [
            -2.7755575615628914e-17,
            0.0970051944002574,
            -1.3877787807814457e-17
        ],
        "LPA": [
            -0.06915133525354575,
            2.949029909160572e-17,
            0.0
        ],
        "RPA": [
            0.06361919571417315,
            -8.673617379884035e-18,
            0.0
        ],
        "coil1": [
            -0.07946815130094889,
            0.012434049433026428,
            -0.0034904196139003973
        ],
        "coil2": [
            0.05985997883342308,
            0.007519965545779048,
            -0.011516416664647866
        ],
        "coil3": [
            0.0017129743427424377,
            0.10681242727738431,
            0.03557218428779581
        ],
        "coil4": [
            -0.04380738638150178,
            0.09229283226040123,
            0.03424468377273572
        ],
        "coil5": [
            0.03736026968436262,
            0.08490232746581283,
            0.032563948717850885
        ]
    },
    "HeadCoilCoordinateSystem": "KitYokogawa",
    "HeadCoilCoordinateUnits": "m",
    "AnatomicalLandmarkCoordinates": {
        "NAS": [
            -2.7755575615628914e-17,
            0.0970051944002574,
            -1.3877787807814457e-17
        ],
        "LPA": [
            -0.06915133525354575,
            2.949029909160572e-17,
            0.0
        ],
        "RPA": [
            0.06361919571417315,
            -8.673617379884035e-18,
            0.0
        ],
        "coil1": [
            -0.07946815130094889,
            0.012434049433026428,
            -0.0034904196139003973
        ],
        "coil2": [
            0.05985997883342308,
            0.007519965545779048,
            -0.011516416664647866
        ],
        "coil3": [
            0.0017129743427424377,
            0.10681242727738431,
            0.03557218428779581
        ],
        "coil4": [
            -0.04380738638150178,
            0.09229283226040123,
            0.03424468377273572
        ],
        "coil5": [
            0.03736026968436262,
            0.08490232746581283,
            0.032563948717850885
        ]
    },
    "AnatomicalLandmarkCoordinateSystem": "KitYokogawa",
    "AnatomicalLandmarkCoordinateUnits": "m"
}
