{
    "MEGCoordinateSystem": "KitYokogawa",
    "MEGCoordinateUnits": "m",
    "MEGCoordinateSystemDescription": "ALS orientation and the origin between the ears",
    "HeadCoilCoordinates": {
        "NAS": [
            0.0,
            0.106495461635103,
            0.0
        ],
        "LPA": [
            -0.08269365600779971,
            6.938893903907228e-18,
            0.0
        ],
        "RPA": [
            0.0789383653512429,
            -2.6020852139652106e-18,
            1.3877787807814457e-17
        ],
        "coil1": [
            -0.0828001822332668,
            0.008550577821566386,
            -0.005633332212875847
        ],
        "coil2": [
            0.0784118355733287,
            0.00680146955073575,
            -0.009037219242852543
        ],
        "coil3": [
            -0.011784323983667355,
            0.11606822901642978,
            0.039926825343507694
        ],
        "coil4": [
            -0.05170597704278754,
            0.09820831509969012,
            0.040347164496917554
        ],
        "coil5": [
            0.033374926665533544,
            0.10533974575373622,
            0.04416698271143066
        ]
    },
    "HeadCoilCoordinateSystem": "KitYokogawa",
    "HeadCoilCoordinateUnits": "m",
    "AnatomicalLandmarkCoordinates": {
        "NAS": [
            0.0,
            0.106495461635103,
            0.0
        ],
        "LPA": [
            -0.08269365600779971,
            6.938893903907228e-18,
            0.0
        ],
        "RPA": [
            0.0789383653512429,
            -2.6020852139652106e-18,
            1.3877787807814457e-17
        ],
        "coil1": [
            -0.0828001822332668,
            0.008550577821566386,
            -0.005633332212875847
        ],
        "coil2": [
            0.0784118355733287,
            0.00680146955073575,
            -0.009037219242852543
        ],
        "coil3": [
            -0.011784323983667355,
            0.11606822901642978,
            0.039926825343507694
        ],
        "coil4": [
            -0.05170597704278754,
            0.09820831509969012,
            0.040347164496917554
        ],
        "coil5": [
            0.033374926665533544,
            0.10533974575373622,
            0.04416698271143066
        ]
    },
    "AnatomicalLandmarkCoordinateSystem": "KitYokogawa",
    "AnatomicalLandmarkCoordinateUnits": "m"
}
