{
    "MEGCoordinateSystem": "KitYokogawa",
    "MEGCoordinateUnits": "m",
    "MEGCoordinateSystemDescription": "ALS orientation and the origin between the ears",
    "HeadCoilCoordinates": {
        "NAS": [
            0.0,
            0.09775528084163058,
            1.3877787807814457e-17
        ],
        "LPA": [
            -0.07483913907684887,
            6.938893903907228e-18,
            0.0
        ],
        "RPA": [
            0.07043580044852141,
            3.469446951953614e-18,
            0.0
        ],
        "coil1": [
            -0.07197792839730556,
            0.00895862172228082,
            -0.0021135510389734546
        ],
        "coil2": [
            0.06974683504446065,
            0.0052576385771556395,
            -0.0033211769847468348
        ],
        "coil3": [
            -0.0010997615120128812,
            0.10322987448783888,
            0.023977591461937786
        ],
        "coil4": [
            -0.045659777389558634,
            0.08875371732353858,
            0.029395351677870885
        ],
        "coil5": [
            0.03897623062049983,
            0.0892867777446974,
            0.02722272057280177
        ]
    },
    "HeadCoilCoordinateSystem": "KitYokogawa",
    "HeadCoilCoordinateUnits": "m",
    "AnatomicalLandmarkCoordinates": {
        "NAS": [
            0.0,
            0.09775528084163058,
            1.3877787807814457e-17
        ],
        "LPA": [
            -0.07483913907684887,
            6.938893903907228e-18,
            0.0
        ],
        "RPA": [
            0.07043580044852141,
            3.469446951953614e-18,
            0.0
        ],
        "coil1": [
            -0.07197792839730556,
            0.00895862172228082,
            -0.0021135510389734546
        ],
        "coil2": [
            0.06974683504446065,
            0.0052576385771556395,
            -0.0033211769847468348
        ],
        "coil3": [
            -0.0010997615120128812,
            0.10322987448783888,
            0.023977591461937786
        ],
        "coil4": [
            -0.045659777389558634,
            0.08875371732353858,
            0.029395351677870885
        ],
        "coil5": [
            0.03897623062049983,
            0.0892867777446974,
            0.02722272057280177
        ]
    },
    "AnatomicalLandmarkCoordinateSystem": "KitYokogawa",
    "AnatomicalLandmarkCoordinateUnits": "m"
}
