{
    "MEGCoordinateSystem": "KitYokogawa",
    "MEGCoordinateUnits": "m",
    "MEGCoordinateSystemDescription": "ALS orientation and the origin between the ears",
    "HeadCoilCoordinates": {
        "NAS": [
            2.7755575615628914e-17,
            0.11330300725210865,
            0.0
        ],
        "LPA": [
            -0.07655731275677466,
            -5.204170427930421e-18,
            0.0
        ],
        "RPA": [
            0.07197390470113886,
            2.0816681711721685e-17,
            0.0
        ],
        "coil1": [
            -0.07425817902977372,
            0.012963048166799688,
            -0.002396563170583607
        ],
        "coil2": [
            0.06962713908313828,
            0.007615986222802214,
            -0.007029609573671755
        ],
        "coil3": [
            -0.007374166405795135,
            0.1201423331320891,
            0.03083238672592621
        ],
        "coil4": [
            -0.0477290597338485,
            0.09547935479012692,
            0.03164423308167243
        ],
        "coil5": [
            0.03730692733667331,
            0.10579056147726693,
            0.030725684548863028
        ]
    },
    "HeadCoilCoordinateSystem": "KitYokogawa",
    "HeadCoilCoordinateUnits": "m",
    "AnatomicalLandmarkCoordinates": {
        "NAS": [
            2.7755575615628914e-17,
            0.11330300725210865,
            0.0
        ],
        "LPA": [
            -0.07655731275677466,
            -5.204170427930421e-18,
            0.0
        ],
        "RPA": [
            0.07197390470113886,
            2.0816681711721685e-17,
            0.0
        ],
        "coil1": [
            -0.07425817902977372,
            0.012963048166799688,
            -0.002396563170583607
        ],
        "coil2": [
            0.06962713908313828,
            0.007615986222802214,
            -0.007029609573671755
        ],
        "coil3": [
            -0.007374166405795135,
            0.1201423331320891,
            0.03083238672592621
        ],
        "coil4": [
            -0.0477290597338485,
            0.09547935479012692,
            0.03164423308167243
        ],
        "coil5": [
            0.03730692733667331,
            0.10579056147726693,
            0.030725684548863028
        ]
    },
    "AnatomicalLandmarkCoordinateSystem": "KitYokogawa",
    "AnatomicalLandmarkCoordinateUnits": "m"
}
