{
    "AnatomicalLandmarkCoordinates": {
        "LPA": [
            207.60033260968322,
            196.45985546098925,
            123.80708189422542
        ],
        "NAS": [
            123.96509821939775,
            184.38966060015505,
            232.46476701412138
        ],
        "RPA": [
            43.960536799349015,
            197.0823427288036,
            118.78965406704826
        ]
    }
}
