{
    "AnatomicalLandmarkCoordinates": {
        "LPA": [
            209.6381843088347,
            178.30559683193144,
            93.07644428428983
        ],
        "NAS": [
            126.53035830095186,
            162.8368653489992,
            205.81880189523633
        ],
        "RPA": [
            42.81985558646616,
            178.2565129653984,
            93.94021455584996
        ]
    }
}
