{
    "MEGCoordinateSystem": "KitYokogawa",
    "MEGCoordinateUnits": "m",
    "MEGCoordinateSystemDescription": "ALS orientation and the origin between the ears",
    "HeadCoilCoordinates": {
        "NAS": [
            0.0,
            0.10771336518313679,
            0.0
        ],
        "LPA": [
            -0.07783412197978602,
            -6.071532165918825e-18,
            1.3877787807814457e-17
        ],
        "RPA": [
            0.07840143659872705,
            1.8214596497756474e-17,
            0.0
        ],
        "coil1": [
            -0.07336918024112644,
            0.00929065464809374,
            -0.004381913040012203
        ],
        "coil2": [
            0.07545111034723956,
            0.007895636656532482,
            -0.006965741574865125
        ],
        "coil3": [
            0.0006152259696482337,
            0.11792015444669779,
            0.03877231906083936
        ],
        "coil4": [
            -0.04023852178926825,
            0.10050917694197967,
            0.03259389163785992
        ],
        "coil5": [
            0.040441120120646816,
            0.1015359259409565,
            0.043776700261858315
        ]
    },
    "HeadCoilCoordinateSystem": "KitYokogawa",
    "HeadCoilCoordinateUnits": "m",
    "AnatomicalLandmarkCoordinates": {
        "NAS": [
            0.0,
            0.10771336518313679,
            0.0
        ],
        "LPA": [
            -0.07783412197978602,
            -6.071532165918825e-18,
            1.3877787807814457e-17
        ],
        "RPA": [
            0.07840143659872705,
            1.8214596497756474e-17,
            0.0
        ],
        "coil1": [
            -0.07336918024112644,
            0.00929065464809374,
            -0.004381913040012203
        ],
        "coil2": [
            0.07545111034723956,
            0.007895636656532482,
            -0.006965741574865125
        ],
        "coil3": [
            0.0006152259696482337,
            0.11792015444669779,
            0.03877231906083936
        ],
        "coil4": [
            -0.04023852178926825,
            0.10050917694197967,
            0.03259389163785992
        ],
        "coil5": [
            0.040441120120646816,
            0.1015359259409565,
            0.043776700261858315
        ]
    },
    "AnatomicalLandmarkCoordinateSystem": "KitYokogawa",
    "AnatomicalLandmarkCoordinateUnits": "m"
}
