{
    "MEGCoordinateSystem": "KitYokogawa",
    "MEGCoordinateUnits": "m",
    "MEGCoordinateSystemDescription": "ALS orientation and the origin between the ears",
    "HeadCoilCoordinates": {
        "NAS": [
            -2.7755575615628914e-17,
            0.09933033353430792,
            1.3877787807814457e-17
        ],
        "LPA": [
            -0.08220230268978564,
            0.0,
            0.0
        ],
        "RPA": [
            0.07897097075193604,
            0.0,
            1.3877787807814457e-17
        ],
        "coil1": [
            -0.07948604978251748,
            0.005520913903559188,
            0.001350968783223369
        ],
        "coil2": [
            0.07804913074889286,
            0.009644106907089334,
            0.00147497822472753
        ],
        "coil3": [
            -0.0025411126699495246,
            0.1114999395232632,
            0.03887844436113927
        ],
        "coil4": [
            -0.043734465958518653,
            0.09741346920287025,
            0.03895648413188786
        ],
        "coil5": [
            0.03978423406706175,
            0.09638130792532096,
            0.036558666781828675
        ]
    },
    "HeadCoilCoordinateSystem": "KitYokogawa",
    "HeadCoilCoordinateUnits": "m",
    "AnatomicalLandmarkCoordinates": {
        "NAS": [
            -2.7755575615628914e-17,
            0.09933033353430792,
            1.3877787807814457e-17
        ],
        "LPA": [
            -0.08220230268978564,
            0.0,
            0.0
        ],
        "RPA": [
            0.07897097075193604,
            0.0,
            1.3877787807814457e-17
        ],
        "coil1": [
            -0.07948604978251748,
            0.005520913903559188,
            0.001350968783223369
        ],
        "coil2": [
            0.07804913074889286,
            0.009644106907089334,
            0.00147497822472753
        ],
        "coil3": [
            -0.0025411126699495246,
            0.1114999395232632,
            0.03887844436113927
        ],
        "coil4": [
            -0.043734465958518653,
            0.09741346920287025,
            0.03895648413188786
        ],
        "coil5": [
            0.03978423406706175,
            0.09638130792532096,
            0.036558666781828675
        ]
    },
    "AnatomicalLandmarkCoordinateSystem": "KitYokogawa",
    "AnatomicalLandmarkCoordinateUnits": "m"
}
