{
    "MEGCoordinateSystem": "KitYokogawa",
    "MEGCoordinateUnits": "m",
    "MEGCoordinateSystemDescription": "ALS orientation and the origin between the ears",
    "HeadCoilCoordinates": {
        "NAS": [
            1.0408340855860843e-17,
            0.09605633339904956,
            0.0
        ],
        "LPA": [
            -0.07532041058883462,
            0.0,
            0.0
        ],
        "RPA": [
            0.070786357313614,
            -5.551115123125783e-17,
            0.0
        ],
        "coil1": [
            -0.07442411365721381,
            0.009255180124433104,
            -0.002176854077485413
        ],
        "coil2": [
            0.06493160408321516,
            0.014419439672716583,
            -0.005222259511554361
        ],
        "coil3": [
            -0.0020740636632406093,
            0.11425356829371358,
            0.022069617406272446
        ],
        "coil4": [
            -0.04166390354356729,
            0.10549254065817504,
            0.023951578394025286
        ],
        "coil5": [
            0.04008596936864992,
            0.10094465336105729,
            0.023128845594726388
        ]
    },
    "HeadCoilCoordinateSystem": "KitYokogawa",
    "HeadCoilCoordinateUnits": "m",
    "AnatomicalLandmarkCoordinates": {
        "NAS": [
            1.0408340855860843e-17,
            0.09605633339904956,
            0.0
        ],
        "LPA": [
            -0.07532041058883462,
            0.0,
            0.0
        ],
        "RPA": [
            0.070786357313614,
            -5.551115123125783e-17,
            0.0
        ],
        "coil1": [
            -0.07442411365721381,
            0.009255180124433104,
            -0.002176854077485413
        ],
        "coil2": [
            0.06493160408321516,
            0.014419439672716583,
            -0.005222259511554361
        ],
        "coil3": [
            -0.0020740636632406093,
            0.11425356829371358,
            0.022069617406272446
        ],
        "coil4": [
            -0.04166390354356729,
            0.10549254065817504,
            0.023951578394025286
        ],
        "coil5": [
            0.04008596936864992,
            0.10094465336105729,
            0.023128845594726388
        ]
    },
    "AnatomicalLandmarkCoordinateSystem": "KitYokogawa",
    "AnatomicalLandmarkCoordinateUnits": "m"
}
