{
    "AnatomicalLandmarkCoordinates": {
        "LPA": [
            205.8406478496153,
            196.6997912546982,
            121.65908405245243
        ],
        "NAS": [
            123.96509807414071,
            184.38965933217773,
            232.4647718092104
        ],
        "RPA": [
            44.93342348092243,
            197.31188379595844,
            116.72544073455761
        ]
    }
}
