{
    "MEGCoordinateSystem": "KitYokogawa",
    "MEGCoordinateUnits": "m",
    "MEGCoordinateSystemDescription": "ALS orientation and the origin between the ears",
    "HeadCoilCoordinates": {
        "NAS": [
            1.3877787807814457e-17,
            0.10830228495546194,
            -1.3877787807814457e-17
        ],
        "LPA": [
            -0.08489911834033331,
            -9.540979117872439e-18,
            -1.3877787807814457e-17
        ],
        "RPA": [
            0.07972927358408534,
            1.9081958235744878e-17,
            0.0
        ],
        "coil1": [
            -0.082600683317754,
            0.00585389033445778,
            -0.007756782581014032
        ],
        "coil2": [
            0.07742486572220104,
            0.0100602590197296,
            -0.008357669961899378
        ],
        "coil3": [
            -0.003890178697208077,
            0.1199389033750787,
            0.043809269050852945
        ],
        "coil4": [
            -0.04687735551898636,
            0.10373087581072137,
            0.04566909274846545
        ],
        "coil5": [
            0.0361848188919011,
            0.10616973684263108,
            0.04216189812279303
        ]
    },
    "HeadCoilCoordinateSystem": "KitYokogawa",
    "HeadCoilCoordinateUnits": "m",
    "AnatomicalLandmarkCoordinates": {
        "NAS": [
            1.3877787807814457e-17,
            0.10830228495546194,
            -1.3877787807814457e-17
        ],
        "LPA": [
            -0.08489911834033331,
            -9.540979117872439e-18,
            -1.3877787807814457e-17
        ],
        "RPA": [
            0.07972927358408534,
            1.9081958235744878e-17,
            0.0
        ],
        "coil1": [
            -0.082600683317754,
            0.00585389033445778,
            -0.007756782581014032
        ],
        "coil2": [
            0.07742486572220104,
            0.0100602590197296,
            -0.008357669961899378
        ],
        "coil3": [
            -0.003890178697208077,
            0.1199389033750787,
            0.043809269050852945
        ],
        "coil4": [
            -0.04687735551898636,
            0.10373087581072137,
            0.04566909274846545
        ],
        "coil5": [
            0.0361848188919011,
            0.10616973684263108,
            0.04216189812279303
        ]
    },
    "AnatomicalLandmarkCoordinateSystem": "KitYokogawa",
    "AnatomicalLandmarkCoordinateUnits": "m"
}
