{
    "AnatomicalLandmarkCoordinates": {
        "LPA": [
            204.08773252367484,
            201.2670172202241,
            116.47778579953764
        ],
        "NAS": [
            124.99419287852426,
            183.57877010732184,
            221.7947262137182
        ],
        "RPA": [
            47.86435451854301,
            202.22848041715508,
            114.78009597665095
        ]
    }
}
