{
    "MEGCoordinateSystem": "KitYokogawa",
    "MEGCoordinateUnits": "m",
    "MEGCoordinateSystemDescription": "ALS orientation and the origin between the ears",
    "HeadCoilCoordinates": {
        "NAS": [
            -1.3877787807814457e-17,
            0.10413278175580573,
            0.0
        ],
        "LPA": [
            -0.07483023786042468,
            0.0,
            0.0
        ],
        "RPA": [
            0.07416995848702987,
            -6.938893903907228e-18,
            0.0
        ],
        "coil1": [
            -0.06874442477024957,
            0.010964686529508293,
            -0.005718646580360837
        ],
        "coil2": [
            0.06873480409849785,
            0.009876959617710769,
            -0.005359826263316006
        ],
        "coil3": [
            -0.003068062206199998,
            0.11300369319757197,
            0.027298791656431037
        ],
        "coil4": [
            -0.04475494895570266,
            0.09535289808365338,
            0.03079071427307141
        ],
        "coil5": [
            0.04173739141268079,
            0.10077829467436297,
            0.0291126197753674
        ]
    },
    "HeadCoilCoordinateSystem": "KitYokogawa",
    "HeadCoilCoordinateUnits": "m",
    "AnatomicalLandmarkCoordinates": {
        "NAS": [
            -1.3877787807814457e-17,
            0.10413278175580573,
            0.0
        ],
        "LPA": [
            -0.07483023786042468,
            0.0,
            0.0
        ],
        "RPA": [
            0.07416995848702987,
            -6.938893903907228e-18,
            0.0
        ],
        "coil1": [
            -0.06874442477024957,
            0.010964686529508293,
            -0.005718646580360837
        ],
        "coil2": [
            0.06873480409849785,
            0.009876959617710769,
            -0.005359826263316006
        ],
        "coil3": [
            -0.003068062206199998,
            0.11300369319757197,
            0.027298791656431037
        ],
        "coil4": [
            -0.04475494895570266,
            0.09535289808365338,
            0.03079071427307141
        ],
        "coil5": [
            0.04173739141268079,
            0.10077829467436297,
            0.0291126197753674
        ]
    },
    "AnatomicalLandmarkCoordinateSystem": "KitYokogawa",
    "AnatomicalLandmarkCoordinateUnits": "m"
}
