{
    "MEGCoordinateSystem": "KitYokogawa",
    "MEGCoordinateUnits": "m",
    "MEGCoordinateSystemDescription": "ALS orientation and the origin between the ears",
    "HeadCoilCoordinates": {
        "NAS": [
            0.0,
            0.10474272489792869,
            0.0
        ],
        "LPA": [
            -0.08462545276987787,
            0.0,
            2.7755575615628914e-17
        ],
        "RPA": [
            0.07711669051519798,
            5.551115123125783e-17,
            2.7755575615628914e-17
        ],
        "coil1": [
            -0.08272086695999989,
            0.01076206293848564,
            -0.002372903356836431
        ],
        "coil2": [
            0.07034615588360299,
            0.01673430148185434,
            -0.006122041322694838
        ],
        "coil3": [
            -0.007708162724804457,
            0.11387041303142104,
            0.043124046600888866
        ],
        "coil4": [
            -0.04877286153235924,
            0.09934116710436458,
            0.04058944836528461
        ],
        "coil5": [
            0.03428173463379358,
            0.10136842333181989,
            0.044099803033336826
        ]
    },
    "HeadCoilCoordinateSystem": "KitYokogawa",
    "HeadCoilCoordinateUnits": "m",
    "AnatomicalLandmarkCoordinates": {
        "NAS": [
            0.0,
            0.10474272489792869,
            0.0
        ],
        "LPA": [
            -0.08462545276987787,
            0.0,
            2.7755575615628914e-17
        ],
        "RPA": [
            0.07711669051519798,
            5.551115123125783e-17,
            2.7755575615628914e-17
        ],
        "coil1": [
            -0.08272086695999989,
            0.01076206293848564,
            -0.002372903356836431
        ],
        "coil2": [
            0.07034615588360299,
            0.01673430148185434,
            -0.006122041322694838
        ],
        "coil3": [
            -0.007708162724804457,
            0.11387041303142104,
            0.043124046600888866
        ],
        "coil4": [
            -0.04877286153235924,
            0.09934116710436458,
            0.04058944836528461
        ],
        "coil5": [
            0.03428173463379358,
            0.10136842333181989,
            0.044099803033336826
        ]
    },
    "AnatomicalLandmarkCoordinateSystem": "KitYokogawa",
    "AnatomicalLandmarkCoordinateUnits": "m"
}
