{
    "MEGCoordinateSystem": "KitYokogawa",
    "MEGCoordinateUnits": "m",
    "MEGCoordinateSystemDescription": "ALS orientation and the origin between the ears",
    "HeadCoilCoordinates": {
        "NAS": [
            0.0,
            0.10149814417600206,
            0.0
        ],
        "LPA": [
            -0.07125075492987765,
            5.551115123125783e-17,
            0.0
        ],
        "RPA": [
            0.07165588524215916,
            0.0,
            0.0
        ],
        "coil1": [
            -0.06810302888181946,
            0.011114385984311748,
            -0.005326020402524695
        ],
        "coil2": [
            0.06487022075454252,
            0.010225899432641516,
            -0.004630943426020245
        ],
        "coil3": [
            -0.0014707647161600335,
            0.11115878306167809,
            0.02170047695236821
        ],
        "coil4": [
            -0.039715294156643155,
            0.0975332856328825,
            0.022523973081016474
        ],
        "coil5": [
            0.04268410298777414,
            0.09192551619298456,
            0.02765761969580599
        ]
    },
    "HeadCoilCoordinateSystem": "KitYokogawa",
    "HeadCoilCoordinateUnits": "m",
    "AnatomicalLandmarkCoordinates": {
        "NAS": [
            0.0,
            0.10149814417600206,
            0.0
        ],
        "LPA": [
            -0.07125075492987765,
            5.551115123125783e-17,
            0.0
        ],
        "RPA": [
            0.07165588524215916,
            0.0,
            0.0
        ],
        "coil1": [
            -0.06810302888181946,
            0.011114385984311748,
            -0.005326020402524695
        ],
        "coil2": [
            0.06487022075454252,
            0.010225899432641516,
            -0.004630943426020245
        ],
        "coil3": [
            -0.0014707647161600335,
            0.11115878306167809,
            0.02170047695236821
        ],
        "coil4": [
            -0.039715294156643155,
            0.0975332856328825,
            0.022523973081016474
        ],
        "coil5": [
            0.04268410298777414,
            0.09192551619298456,
            0.02765761969580599
        ]
    },
    "AnatomicalLandmarkCoordinateSystem": "KitYokogawa",
    "AnatomicalLandmarkCoordinateUnits": "m"
}
