{
    "MEGCoordinateSystem": "KitYokogawa",
    "MEGCoordinateUnits": "m",
    "MEGCoordinateSystemDescription": "ALS orientation and the origin between the ears",
    "HeadCoilCoordinates": {
        "NAS": [
            0.0,
            0.0987768316373008,
            0.0
        ],
        "LPA": [
            -0.07094160057530655,
            6.5052130349130266e-18,
            0.0
        ],
        "RPA": [
            0.07239906299860747,
            -7.37257477290143e-18,
            0.0
        ],
        "coil1": [
            -0.06947398852981382,
            0.011098062843363954,
            -0.0036112329471620908
        ],
        "coil2": [
            0.06922001582400705,
            0.011381287824846851,
            -0.004724629360030028
        ],
        "coil3": [
            0.004575342823858339,
            0.11359884904509415,
            0.03900474513514014
        ],
        "coil4": [
            -0.03324862047797386,
            0.0999035844559886,
            0.03975478162494715
        ],
        "coil5": [
            0.042967046280374815,
            0.08881083640779475,
            0.03993798440777391
        ]
    },
    "HeadCoilCoordinateSystem": "KitYokogawa",
    "HeadCoilCoordinateUnits": "m",
    "AnatomicalLandmarkCoordinates": {
        "NAS": [
            0.0,
            0.0987768316373008,
            0.0
        ],
        "LPA": [
            -0.07094160057530655,
            6.5052130349130266e-18,
            0.0
        ],
        "RPA": [
            0.07239906299860747,
            -7.37257477290143e-18,
            0.0
        ],
        "coil1": [
            -0.06947398852981382,
            0.011098062843363954,
            -0.0036112329471620908
        ],
        "coil2": [
            0.06922001582400705,
            0.011381287824846851,
            -0.004724629360030028
        ],
        "coil3": [
            0.004575342823858339,
            0.11359884904509415,
            0.03900474513514014
        ],
        "coil4": [
            -0.03324862047797386,
            0.0999035844559886,
            0.03975478162494715
        ],
        "coil5": [
            0.042967046280374815,
            0.08881083640779475,
            0.03993798440777391
        ]
    },
    "AnatomicalLandmarkCoordinateSystem": "KitYokogawa",
    "AnatomicalLandmarkCoordinateUnits": "m"
}
