{
    "MEGCoordinateSystem": "KitYokogawa",
    "MEGCoordinateUnits": "m",
    "MEGCoordinateSystemDescription": "ALS orientation and the origin between the ears",
    "HeadCoilCoordinates": {
        "NAS": [
            -6.938893903907228e-18,
            0.09205080953935246,
            2.7755575615628914e-17
        ],
        "LPA": [
            -0.06257643364821827,
            0.0,
            2.7755575615628914e-17
        ],
        "RPA": [
            0.07664374841257346,
            5.551115123125783e-17,
            2.7755575615628914e-17
        ],
        "coil1": [
            -0.06121005768774916,
            0.006002931244020682,
            -0.001917846259273992
        ],
        "coil2": [
            0.07497044377676804,
            0.012201321027987044,
            -0.004564282621375704
        ],
        "coil3": [
            0.0007751355065236387,
            0.10603862433132555,
            0.028710229433809575
        ],
        "coil4": [
            -0.03909177261155673,
            0.09036578921549115,
            0.02836453742288983
        ],
        "coil5": [
            0.04348008697673421,
            0.08657928694678846,
            0.030707188835428834
        ]
    },
    "HeadCoilCoordinateSystem": "KitYokogawa",
    "HeadCoilCoordinateUnits": "m",
    "AnatomicalLandmarkCoordinates": {
        "NAS": [
            -6.938893903907228e-18,
            0.09205080953935246,
            2.7755575615628914e-17
        ],
        "LPA": [
            -0.06257643364821827,
            0.0,
            2.7755575615628914e-17
        ],
        "RPA": [
            0.07664374841257346,
            5.551115123125783e-17,
            2.7755575615628914e-17
        ],
        "coil1": [
            -0.06121005768774916,
            0.006002931244020682,
            -0.001917846259273992
        ],
        "coil2": [
            0.07497044377676804,
            0.012201321027987044,
            -0.004564282621375704
        ],
        "coil3": [
            0.0007751355065236387,
            0.10603862433132555,
            0.028710229433809575
        ],
        "coil4": [
            -0.03909177261155673,
            0.09036578921549115,
            0.02836453742288983
        ],
        "coil5": [
            0.04348008697673421,
            0.08657928694678846,
            0.030707188835428834
        ]
    },
    "AnatomicalLandmarkCoordinateSystem": "KitYokogawa",
    "AnatomicalLandmarkCoordinateUnits": "m"
}
