{
    "AnatomicalLandmarkCoordinates": {
        "LPA": [
            207.17933527120323,
            169.23643966780975,
            100.19298770122819
        ],
        "NAS": [
            126.57446248670162,
            162.8342951366455,
            213.09943926634267
        ],
        "RPA": [
            40.863380723045466,
            169.53224051164528,
            94.98764185022824
        ]
    }
}
