{
    "MEGCoordinateSystem": "KitYokogawa",
    "MEGCoordinateUnits": "m",
    "MEGCoordinateSystemDescription": "ALS orientation and the origin between the ears",
    "HeadCoilCoordinates": {
        "NAS": [
            -2.7755575615628914e-17,
            0.10877683415875758,
            0.0
        ],
        "LPA": [
            -0.08423325070509957,
            2.862293735361732e-17,
            -1.3877787807814457e-17
        ],
        "RPA": [
            0.07858686432329613,
            -6.071532165918825e-18,
            -1.3877787807814457e-17
        ],
        "coil1": [
            -0.08296996819621466,
            0.010036113859541314,
            -0.0080258169005447
        ],
        "coil2": [
            0.07669986101288562,
            0.00745581103567965,
            -0.0028999327452093465
        ],
        "coil3": [
            0.001923896559619595,
            0.11779492630373757,
            0.021154489475582572
        ],
        "coil4": [
            -0.04305252321469924,
            0.10478729957995421,
            0.024483562042977275
        ],
        "coil5": [
            0.04558049614315596,
            0.10272885695720453,
            0.02489281242955961
        ]
    },
    "HeadCoilCoordinateSystem": "KitYokogawa",
    "HeadCoilCoordinateUnits": "m",
    "AnatomicalLandmarkCoordinates": {
        "NAS": [
            -2.7755575615628914e-17,
            0.10877683415875758,
            0.0
        ],
        "LPA": [
            -0.08423325070509957,
            2.862293735361732e-17,
            -1.3877787807814457e-17
        ],
        "RPA": [
            0.07858686432329613,
            -6.071532165918825e-18,
            -1.3877787807814457e-17
        ],
        "coil1": [
            -0.08296996819621466,
            0.010036113859541314,
            -0.0080258169005447
        ],
        "coil2": [
            0.07669986101288562,
            0.00745581103567965,
            -0.0028999327452093465
        ],
        "coil3": [
            0.001923896559619595,
            0.11779492630373757,
            0.021154489475582572
        ],
        "coil4": [
            -0.04305252321469924,
            0.10478729957995421,
            0.024483562042977275
        ],
        "coil5": [
            0.04558049614315596,
            0.10272885695720453,
            0.02489281242955961
        ]
    },
    "AnatomicalLandmarkCoordinateSystem": "KitYokogawa",
    "AnatomicalLandmarkCoordinateUnits": "m"
}
