{
    "MEGCoordinateSystem": "KitYokogawa",
    "MEGCoordinateUnits": "m",
    "MEGCoordinateSystemDescription": "ALS orientation and the origin between the ears",
    "HeadCoilCoordinates": {
        "NAS": [
            0.0,
            0.11396248896845325,
            0.0
        ],
        "LPA": [
            -0.07839385450706687,
            -3.469446951953614e-18,
            0.0
        ],
        "RPA": [
            0.08259015220869356,
            0.0,
            1.3877787807814457e-17
        ],
        "coil1": [
            -0.07818703147123085,
            0.011543841677976448,
            -0.0004001819656876543
        ],
        "coil2": [
            0.08214639606193462,
            0.006325294621330867,
            -0.0122106596928903
        ],
        "coil3": [
            5.936763362383857e-05,
            0.11976542254294131,
            0.040581441015249284
        ],
        "coil4": [
            -0.04083363845500837,
            0.10176820513626535,
            0.03785261794441307
        ],
        "coil5": [
            0.044819576989716114,
            0.10394183663594578,
            0.04026330220478595
        ]
    },
    "HeadCoilCoordinateSystem": "KitYokogawa",
    "HeadCoilCoordinateUnits": "m",
    "AnatomicalLandmarkCoordinates": {
        "NAS": [
            0.0,
            0.11396248896845325,
            0.0
        ],
        "LPA": [
            -0.07839385450706687,
            -3.469446951953614e-18,
            0.0
        ],
        "RPA": [
            0.08259015220869356,
            0.0,
            1.3877787807814457e-17
        ],
        "coil1": [
            -0.07818703147123085,
            0.011543841677976448,
            -0.0004001819656876543
        ],
        "coil2": [
            0.08214639606193462,
            0.006325294621330867,
            -0.0122106596928903
        ],
        "coil3": [
            5.936763362383857e-05,
            0.11976542254294131,
            0.040581441015249284
        ],
        "coil4": [
            -0.04083363845500837,
            0.10176820513626535,
            0.03785261794441307
        ],
        "coil5": [
            0.044819576989716114,
            0.10394183663594578,
            0.04026330220478595
        ]
    },
    "AnatomicalLandmarkCoordinateSystem": "KitYokogawa",
    "AnatomicalLandmarkCoordinateUnits": "m"
}
