{
    "AnatomicalLandmarkCoordinates": {
        "LPA": [
            201.2490708050973,
            199.84569758761535,
            115.90854513518073
        ],
        "NAS": [
            125.06546421454442,
            189.98630880078042,
            217.68471958128436
        ],
        "RPA": [
            43.5758563566157,
            201.55080559681755,
            105.57530995259715
        ]
    }
}
