{
    "MEGCoordinateSystem": "KitYokogawa",
    "MEGCoordinateUnits": "m",
    "MEGCoordinateSystemDescription": "ALS orientation and the origin between the ears",
    "HeadCoilCoordinates": {
        "NAS": [
            1.3877787807814457e-17,
            0.10603274768930694,
            0.0
        ],
        "LPA": [
            -0.07232456641222104,
            -1.0408340855860843e-17,
            0.0
        ],
        "RPA": [
            0.06503825426113292,
            2.2551405187698492e-17,
            0.0
        ],
        "coil1": [
            -0.07093020754276055,
            0.01025995965615203,
            -0.0018590300904745144
        ],
        "coil2": [
            0.06268259672597305,
            0.010383198127073999,
            -0.005231374673159261
        ],
        "coil3": [
            0.00047002964341810727,
            0.11327692172928948,
            0.024462529932996538
        ],
        "coil4": [
            -0.041753493817796666,
            0.10199722085370788,
            0.029968740637977664
        ],
        "coil5": [
            0.04091549467118825,
            0.0957445722947421,
            0.027123628642617817
        ]
    },
    "HeadCoilCoordinateSystem": "KitYokogawa",
    "HeadCoilCoordinateUnits": "m",
    "AnatomicalLandmarkCoordinates": {
        "NAS": [
            1.3877787807814457e-17,
            0.10603274768930694,
            0.0
        ],
        "LPA": [
            -0.07232456641222104,
            -1.0408340855860843e-17,
            0.0
        ],
        "RPA": [
            0.06503825426113292,
            2.2551405187698492e-17,
            0.0
        ],
        "coil1": [
            -0.07093020754276055,
            0.01025995965615203,
            -0.0018590300904745144
        ],
        "coil2": [
            0.06268259672597305,
            0.010383198127073999,
            -0.005231374673159261
        ],
        "coil3": [
            0.00047002964341810727,
            0.11327692172928948,
            0.024462529932996538
        ],
        "coil4": [
            -0.041753493817796666,
            0.10199722085370788,
            0.029968740637977664
        ],
        "coil5": [
            0.04091549467118825,
            0.0957445722947421,
            0.027123628642617817
        ]
    },
    "AnatomicalLandmarkCoordinateSystem": "KitYokogawa",
    "AnatomicalLandmarkCoordinateUnits": "m"
}
