{
    "MEGCoordinateSystem": "KitYokogawa",
    "MEGCoordinateUnits": "m",
    "MEGCoordinateSystemDescription": "ALS orientation and the origin between the ears",
    "HeadCoilCoordinates": {
        "NAS": [
            0.0,
            0.10632335206502863,
            2.7755575615628914e-17
        ],
        "LPA": [
            -0.07853137601026719,
            0.0,
            2.7755575615628914e-17
        ],
        "RPA": [
            0.08031991170012559,
            0.0,
            0.0
        ],
        "coil1": [
            -0.07485026334112677,
            0.0098159948750981,
            -0.008477316796554252
        ],
        "coil2": [
            0.07747800875299288,
            0.0046276235491996,
            0.003700132128177519
        ],
        "coil3": [
            0.00250692832957089,
            0.1163715141699655,
            0.03390004856579576
        ],
        "coil4": [
            -0.0382288886547861,
            0.10002027018865517,
            0.030371116894505168
        ],
        "coil5": [
            0.034427007178061464,
            0.1050994963812939,
            0.0342106906235039
        ]
    },
    "HeadCoilCoordinateSystem": "KitYokogawa",
    "HeadCoilCoordinateUnits": "m",
    "AnatomicalLandmarkCoordinates": {
        "NAS": [
            0.0,
            0.10632335206502863,
            2.7755575615628914e-17
        ],
        "LPA": [
            -0.07853137601026719,
            0.0,
            2.7755575615628914e-17
        ],
        "RPA": [
            0.08031991170012559,
            0.0,
            0.0
        ],
        "coil1": [
            -0.07485026334112677,
            0.0098159948750981,
            -0.008477316796554252
        ],
        "coil2": [
            0.07747800875299288,
            0.0046276235491996,
            0.003700132128177519
        ],
        "coil3": [
            0.00250692832957089,
            0.1163715141699655,
            0.03390004856579576
        ],
        "coil4": [
            -0.0382288886547861,
            0.10002027018865517,
            0.030371116894505168
        ],
        "coil5": [
            0.034427007178061464,
            0.1050994963812939,
            0.0342106906235039
        ]
    },
    "AnatomicalLandmarkCoordinateSystem": "KitYokogawa",
    "AnatomicalLandmarkCoordinateUnits": "m"
}
