{
    "AnatomicalLandmarkCoordinates": {
        "LPA": [
            198.93966963422196,
            192.67669665733,
            131.09739137698736
        ],
        "NAS": [
            128.3214759473165,
            179.15206956032043,
            223.8354441276528
        ],
        "RPA": [
            55.66998658544472,
            193.62562912781695,
            128.8829111037821
        ]
    }
}
