{
    "MEGCoordinateSystem": "KitYokogawa",
    "MEGCoordinateUnits": "m",
    "MEGCoordinateSystemDescription": "ALS orientation and the origin between the ears",
    "HeadCoilCoordinates": {
        "NAS": [
            1.3877787807814457e-17,
            0.11185649582454171,
            2.7755575615628914e-17
        ],
        "LPA": [
            -0.08021944151210658,
            0.0,
            2.7755575615628914e-17
        ],
        "RPA": [
            0.08349844058456604,
            5.551115123125783e-17,
            2.7755575615628914e-17
        ],
        "coil1": [
            -0.07996234782135664,
            0.016122539121291413,
            -0.0071079511940221884
        ],
        "coil2": [
            0.08193593061403667,
            0.012496601090701054,
            -0.013032368975051584
        ],
        "coil3": [
            0.0015458181048333824,
            0.11893796216837804,
            0.03632443513308756
        ],
        "coil4": [
            -0.03779165745991368,
            0.10984531967611522,
            0.03400898178852976
        ],
        "coil5": [
            0.04601632187485477,
            0.1015496695971172,
            0.033319057386988704
        ]
    },
    "HeadCoilCoordinateSystem": "KitYokogawa",
    "HeadCoilCoordinateUnits": "m",
    "AnatomicalLandmarkCoordinates": {
        "NAS": [
            1.3877787807814457e-17,
            0.11185649582454171,
            2.7755575615628914e-17
        ],
        "LPA": [
            -0.08021944151210658,
            0.0,
            2.7755575615628914e-17
        ],
        "RPA": [
            0.08349844058456604,
            5.551115123125783e-17,
            2.7755575615628914e-17
        ],
        "coil1": [
            -0.07996234782135664,
            0.016122539121291413,
            -0.0071079511940221884
        ],
        "coil2": [
            0.08193593061403667,
            0.012496601090701054,
            -0.013032368975051584
        ],
        "coil3": [
            0.0015458181048333824,
            0.11893796216837804,
            0.03632443513308756
        ],
        "coil4": [
            -0.03779165745991368,
            0.10984531967611522,
            0.03400898178852976
        ],
        "coil5": [
            0.04601632187485477,
            0.1015496695971172,
            0.033319057386988704
        ]
    },
    "AnatomicalLandmarkCoordinateSystem": "KitYokogawa",
    "AnatomicalLandmarkCoordinateUnits": "m"
}
