{
    "MEGCoordinateSystem": "KitYokogawa",
    "MEGCoordinateUnits": "m",
    "MEGCoordinateSystemDescription": "ALS orientation and the origin between the ears",
    "HeadCoilCoordinates": {
        "NAS": [
            -2.7755575615628914e-17,
            0.09639394348917302,
            1.3877787807814457e-17
        ],
        "LPA": [
            -0.06779374098031567,
            5.551115123125783e-17,
            4.163336342344337e-17
        ],
        "RPA": [
            0.07616122770659703,
            0.0,
            4.163336342344337e-17
        ],
        "coil1": [
            -0.06743889941968086,
            0.009171095614202873,
            0.0028970964088196327
        ],
        "coil2": [
            0.07400175594729913,
            0.01082071611834512,
            -0.0016559645760039071
        ],
        "coil3": [
            -0.0018627793208250976,
            0.10609578810739373,
            0.032168674835868105
        ],
        "coil4": [
            -0.042093700352358196,
            0.09018796915597849,
            0.03347052793954136
        ],
        "coil5": [
            0.0391106154302672,
            0.0920114361146539,
            0.03655729334466701
        ]
    },
    "HeadCoilCoordinateSystem": "KitYokogawa",
    "HeadCoilCoordinateUnits": "m",
    "AnatomicalLandmarkCoordinates": {
        "NAS": [
            -2.7755575615628914e-17,
            0.09639394348917302,
            1.3877787807814457e-17
        ],
        "LPA": [
            -0.06779374098031567,
            5.551115123125783e-17,
            4.163336342344337e-17
        ],
        "RPA": [
            0.07616122770659703,
            0.0,
            4.163336342344337e-17
        ],
        "coil1": [
            -0.06743889941968086,
            0.009171095614202873,
            0.0028970964088196327
        ],
        "coil2": [
            0.07400175594729913,
            0.01082071611834512,
            -0.0016559645760039071
        ],
        "coil3": [
            -0.0018627793208250976,
            0.10609578810739373,
            0.032168674835868105
        ],
        "coil4": [
            -0.042093700352358196,
            0.09018796915597849,
            0.03347052793954136
        ],
        "coil5": [
            0.0391106154302672,
            0.0920114361146539,
            0.03655729334466701
        ]
    },
    "AnatomicalLandmarkCoordinateSystem": "KitYokogawa",
    "AnatomicalLandmarkCoordinateUnits": "m"
}
