{
    "MEGCoordinateSystem": "KitYokogawa",
    "MEGCoordinateUnits": "m",
    "MEGCoordinateSystemDescription": "ALS orientation and the origin between the ears",
    "HeadCoilCoordinates": {
        "NAS": [
            0.0,
            0.1007212574836131,
            1.3877787807814457e-17
        ],
        "LPA": [
            -0.06836910707870705,
            1.734723475976807e-18,
            0.0
        ],
        "RPA": [
            0.07548004908795247,
            3.469446951953614e-18,
            0.0
        ],
        "coil1": [
            -0.0668297797125218,
            0.010940869756529609,
            -0.005181028214589142
        ],
        "coil2": [
            0.07289823697228237,
            0.006197673422364815,
            -0.002882241022033369
        ],
        "coil3": [
            -0.001369615120937806,
            0.11119588488301448,
            0.026841241965568766
        ],
        "coil4": [
            -0.041471441933162184,
            0.09381244429135857,
            0.03341812633270884
        ],
        "coil5": [
            0.04302028392332215,
            0.09734154921393257,
            0.027394556432046926
        ]
    },
    "HeadCoilCoordinateSystem": "KitYokogawa",
    "HeadCoilCoordinateUnits": "m",
    "AnatomicalLandmarkCoordinates": {
        "NAS": [
            0.0,
            0.1007212574836131,
            1.3877787807814457e-17
        ],
        "LPA": [
            -0.06836910707870705,
            1.734723475976807e-18,
            0.0
        ],
        "RPA": [
            0.07548004908795247,
            3.469446951953614e-18,
            0.0
        ],
        "coil1": [
            -0.0668297797125218,
            0.010940869756529609,
            -0.005181028214589142
        ],
        "coil2": [
            0.07289823697228237,
            0.006197673422364815,
            -0.002882241022033369
        ],
        "coil3": [
            -0.001369615120937806,
            0.11119588488301448,
            0.026841241965568766
        ],
        "coil4": [
            -0.041471441933162184,
            0.09381244429135857,
            0.03341812633270884
        ],
        "coil5": [
            0.04302028392332215,
            0.09734154921393257,
            0.027394556432046926
        ]
    },
    "AnatomicalLandmarkCoordinateSystem": "KitYokogawa",
    "AnatomicalLandmarkCoordinateUnits": "m"
}
