{
    "AnatomicalLandmarkCoordinates": {
        "LPA": [
            207.01378764194948,
            170.03309082369574,
            102.17998111205449
        ],
        "NAS": [
            126.59172650200173,
            162.83918752848322,
            209.39525953405325
        ],
        "RPA": [
            39.30933262428891,
            170.4650865555047,
            94.56532472622338
        ]
    }
}
