{
    "MEGCoordinateSystem": "KitYokogawa",
    "MEGCoordinateUnits": "m",
    "MEGCoordinateSystemDescription": "ALS orientation and the origin between the ears",
    "HeadCoilCoordinates": {
        "NAS": [
            3.8163916471489756e-17,
            0.10590462167753639,
            0.0
        ],
        "LPA": [
            -0.07170187017915138,
            -5.551115123125783e-17,
            0.0
        ],
        "RPA": [
            0.08010732213972635,
            -5.551115123125783e-17,
            0.0
        ],
        "coil1": [
            -0.06905286097129464,
            0.011829298655344711,
            -0.0006637229311605153
        ],
        "coil2": [
            0.0742581243090388,
            0.010227570083259918,
            -0.008244709308367903
        ],
        "coil3": [
            0.005117768934361083,
            0.12340393089705681,
            0.0316730890011393
        ],
        "coil4": [
            -0.03494254731194142,
            0.1099248527524942,
            0.031154453783474978
        ],
        "coil5": [
            0.04889025063541596,
            0.10331317196231599,
            0.0336376131030382
        ]
    },
    "HeadCoilCoordinateSystem": "KitYokogawa",
    "HeadCoilCoordinateUnits": "m",
    "AnatomicalLandmarkCoordinates": {
        "NAS": [
            3.8163916471489756e-17,
            0.10590462167753639,
            0.0
        ],
        "LPA": [
            -0.07170187017915138,
            -5.551115123125783e-17,
            0.0
        ],
        "RPA": [
            0.08010732213972635,
            -5.551115123125783e-17,
            0.0
        ],
        "coil1": [
            -0.06905286097129464,
            0.011829298655344711,
            -0.0006637229311605153
        ],
        "coil2": [
            0.0742581243090388,
            0.010227570083259918,
            -0.008244709308367903
        ],
        "coil3": [
            0.005117768934361083,
            0.12340393089705681,
            0.0316730890011393
        ],
        "coil4": [
            -0.03494254731194142,
            0.1099248527524942,
            0.031154453783474978
        ],
        "coil5": [
            0.04889025063541596,
            0.10331317196231599,
            0.0336376131030382
        ]
    },
    "AnatomicalLandmarkCoordinateSystem": "KitYokogawa",
    "AnatomicalLandmarkCoordinateUnits": "m"
}
