{
    "MEGCoordinateSystem": "KitYokogawa",
    "MEGCoordinateUnits": "m",
    "MEGCoordinateSystemDescription": "ALS orientation and the origin between the ears",
    "HeadCoilCoordinates": {
        "NAS": [
            2.7755575615628914e-17,
            0.097190928925595,
            -1.3877787807814457e-17
        ],
        "LPA": [
            -0.07362670107325148,
            -5.551115123125783e-17,
            -1.3877787807814457e-17
        ],
        "RPA": [
            0.08076188419421582,
            0.0,
            -1.3877787807814457e-17
        ],
        "coil1": [
            -0.07180726316990288,
            0.012634227839193268,
            -0.005612897963014535
        ],
        "coil2": [
            0.07878700107515757,
            0.010728837215454368,
            -0.001077526431387768
        ],
        "coil3": [
            0.0037415603856286173,
            0.11082832625127026,
            0.0336090082899267
        ],
        "coil4": [
            -0.03201096196981218,
            0.09962292701864273,
            0.03397689599172725
        ],
        "coil5": [
            0.03933400009151872,
            0.09793983015857155,
            0.03698826227580389
        ]
    },
    "HeadCoilCoordinateSystem": "KitYokogawa",
    "HeadCoilCoordinateUnits": "m",
    "AnatomicalLandmarkCoordinates": {
        "NAS": [
            2.7755575615628914e-17,
            0.097190928925595,
            -1.3877787807814457e-17
        ],
        "LPA": [
            -0.07362670107325148,
            -5.551115123125783e-17,
            -1.3877787807814457e-17
        ],
        "RPA": [
            0.08076188419421582,
            0.0,
            -1.3877787807814457e-17
        ],
        "coil1": [
            -0.07180726316990288,
            0.012634227839193268,
            -0.005612897963014535
        ],
        "coil2": [
            0.07878700107515757,
            0.010728837215454368,
            -0.001077526431387768
        ],
        "coil3": [
            0.0037415603856286173,
            0.11082832625127026,
            0.0336090082899267
        ],
        "coil4": [
            -0.03201096196981218,
            0.09962292701864273,
            0.03397689599172725
        ],
        "coil5": [
            0.03933400009151872,
            0.09793983015857155,
            0.03698826227580389
        ]
    },
    "AnatomicalLandmarkCoordinateSystem": "KitYokogawa",
    "AnatomicalLandmarkCoordinateUnits": "m"
}
