{
    "AnatomicalLandmarkCoordinates": {
        "LPA": [
            206.51530102996006,
            178.3496408610069,
            97.75054356650635
        ],
        "NAS": [
            126.55974925097507,
            162.83552881912286,
            209.66652936375868
        ],
        "RPA": [
            42.98546628926046,
            178.53080459260593,
            94.55694890418418
        ]
    }
}
