{
    "AnatomicalLandmarkCoordinates": {
        "LPA": [
            206.05586060790932,
            201.28488221729054,
            120.63375342083496
        ],
        "NAS": [
            127.56097099057112,
            184.0314525990935,
            224.8173004755064
        ],
        "RPA": [
            51.42613324130015,
            202.45507623965403,
            110.69974660922657
        ]
    }
}
