{
    "MEGCoordinateSystem": "KitYokogawa",
    "MEGCoordinateUnits": "m",
    "MEGCoordinateSystemDescription": "ALS orientation and the origin between the ears",
    "HeadCoilCoordinates": {
        "NAS": [
            1.3877787807814457e-17,
            0.10481018663164052,
            -1.3877787807814457e-17
        ],
        "LPA": [
            -0.07697717629720302,
            -1.3877787807814457e-17,
            -1.3877787807814457e-17
        ],
        "RPA": [
            0.06914482614780862,
            -3.469446951953614e-18,
            -1.3877787807814457e-17
        ],
        "coil1": [
            -0.07493107941981791,
            0.011110465919605815,
            -0.004608520148337458
        ],
        "coil2": [
            0.06367892861810183,
            0.011877275449110639,
            -0.010411483627740067
        ],
        "coil3": [
            0.0017943718991852015,
            0.11416006872542775,
            0.03006104700770902
        ],
        "coil4": [
            -0.03965408898786826,
            0.10165033300128827,
            0.02841232287172192
        ],
        "coil5": [
            0.04347886857258769,
            0.09668949692104649,
            0.03089643059209103
        ]
    },
    "HeadCoilCoordinateSystem": "KitYokogawa",
    "HeadCoilCoordinateUnits": "m",
    "AnatomicalLandmarkCoordinates": {
        "NAS": [
            1.3877787807814457e-17,
            0.10481018663164052,
            -1.3877787807814457e-17
        ],
        "LPA": [
            -0.07697717629720302,
            -1.3877787807814457e-17,
            -1.3877787807814457e-17
        ],
        "RPA": [
            0.06914482614780862,
            -3.469446951953614e-18,
            -1.3877787807814457e-17
        ],
        "coil1": [
            -0.07493107941981791,
            0.011110465919605815,
            -0.004608520148337458
        ],
        "coil2": [
            0.06367892861810183,
            0.011877275449110639,
            -0.010411483627740067
        ],
        "coil3": [
            0.0017943718991852015,
            0.11416006872542775,
            0.03006104700770902
        ],
        "coil4": [
            -0.03965408898786826,
            0.10165033300128827,
            0.02841232287172192
        ],
        "coil5": [
            0.04347886857258769,
            0.09668949692104649,
            0.03089643059209103
        ]
    },
    "AnatomicalLandmarkCoordinateSystem": "KitYokogawa",
    "AnatomicalLandmarkCoordinateUnits": "m"
}
