{
    "MEGCoordinateSystem": "KitYokogawa",
    "MEGCoordinateUnits": "m",
    "MEGCoordinateSystemDescription": "ALS orientation and the origin between the ears",
    "HeadCoilCoordinates": {
        "NAS": [
            1.3877787807814457e-17,
            0.10767952825168084,
            1.3877787807814457e-17
        ],
        "LPA": [
            -0.08653197403708915,
            0.0,
            1.3877787807814457e-17
        ],
        "RPA": [
            0.07584073697153446,
            1.3877787807814457e-17,
            1.3877787807814457e-17
        ],
        "coil1": [
            -0.08265741716591277,
            0.014343562356701093,
            -0.005983711677666925
        ],
        "coil2": [
            0.07127376519848438,
            0.010348652052961569,
            -0.011029176698235416
        ],
        "coil3": [
            -0.008474374774446652,
            0.11567331235492376,
            0.037913676345125935
        ],
        "coil4": [
            -0.04878610328209207,
            0.09886508157101903,
            0.03894066898915344
        ],
        "coil5": [
            0.036000525729471544,
            0.10105181163291815,
            0.0393049805616672
        ]
    },
    "HeadCoilCoordinateSystem": "KitYokogawa",
    "HeadCoilCoordinateUnits": "m",
    "AnatomicalLandmarkCoordinates": {
        "NAS": [
            1.3877787807814457e-17,
            0.10767952825168084,
            1.3877787807814457e-17
        ],
        "LPA": [
            -0.08653197403708915,
            0.0,
            1.3877787807814457e-17
        ],
        "RPA": [
            0.07584073697153446,
            1.3877787807814457e-17,
            1.3877787807814457e-17
        ],
        "coil1": [
            -0.08265741716591277,
            0.014343562356701093,
            -0.005983711677666925
        ],
        "coil2": [
            0.07127376519848438,
            0.010348652052961569,
            -0.011029176698235416
        ],
        "coil3": [
            -0.008474374774446652,
            0.11567331235492376,
            0.037913676345125935
        ],
        "coil4": [
            -0.04878610328209207,
            0.09886508157101903,
            0.03894066898915344
        ],
        "coil5": [
            0.036000525729471544,
            0.10105181163291815,
            0.0393049805616672
        ]
    },
    "AnatomicalLandmarkCoordinateSystem": "KitYokogawa",
    "AnatomicalLandmarkCoordinateUnits": "m"
}
