{
    "MEGCoordinateSystem": "KitYokogawa",
    "MEGCoordinateUnits": "m",
    "MEGCoordinateSystemDescription": "ALS orientation and the origin between the ears",
    "HeadCoilCoordinates": {
        "NAS": [
            5.551115123125783e-17,
            0.10196225707276904,
            0.0
        ],
        "LPA": [
            -0.08423492143307632,
            0.0,
            0.0
        ],
        "RPA": [
            0.08024823773277873,
            2.7755575615628914e-17,
            0.0
        ],
        "coil1": [
            -0.08188361612357642,
            0.01007059842531996,
            -0.003996487022055822
        ],
        "coil2": [
            0.08061968268817621,
            0.01117506274956409,
            -0.006003610621818756
        ],
        "coil3": [
            0.002275673224956587,
            0.11691763666965407,
            0.030692474360114602
        ],
        "coil4": [
            -0.04295502827870473,
            0.10176740851489971,
            0.030441120733559868
        ],
        "coil5": [
            0.04427968709736424,
            0.09894621218109709,
            0.029388882741284095
        ]
    },
    "HeadCoilCoordinateSystem": "KitYokogawa",
    "HeadCoilCoordinateUnits": "m",
    "AnatomicalLandmarkCoordinates": {
        "NAS": [
            5.551115123125783e-17,
            0.10196225707276904,
            0.0
        ],
        "LPA": [
            -0.08423492143307632,
            0.0,
            0.0
        ],
        "RPA": [
            0.08024823773277873,
            2.7755575615628914e-17,
            0.0
        ],
        "coil1": [
            -0.08188361612357642,
            0.01007059842531996,
            -0.003996487022055822
        ],
        "coil2": [
            0.08061968268817621,
            0.01117506274956409,
            -0.006003610621818756
        ],
        "coil3": [
            0.002275673224956587,
            0.11691763666965407,
            0.030692474360114602
        ],
        "coil4": [
            -0.04295502827870473,
            0.10176740851489971,
            0.030441120733559868
        ],
        "coil5": [
            0.04427968709736424,
            0.09894621218109709,
            0.029388882741284095
        ]
    },
    "AnatomicalLandmarkCoordinateSystem": "KitYokogawa",
    "AnatomicalLandmarkCoordinateUnits": "m"
}
