{
    "MEGCoordinateSystem": "KitYokogawa",
    "MEGCoordinateUnits": "m",
    "MEGCoordinateSystemDescription": "ALS orientation and the origin between the ears",
    "HeadCoilCoordinates": {
        "NAS": [
            0.0,
            0.09713350480645044,
            0.0
        ],
        "LPA": [
            -0.07245401657765614,
            -5.551115123125783e-17,
            0.0
        ],
        "RPA": [
            0.07635671568994609,
            -5.551115123125783e-17,
            0.0
        ],
        "coil1": [
            -0.07208565768031917,
            0.009985675807627326,
            -0.0014772950036197746
        ],
        "coil2": [
            0.07324164793914437,
            0.00667125854521905,
            -0.006605112957456236
        ],
        "coil3": [
            -0.00030869281610274024,
            0.10658902862333963,
            0.02553352795411412
        ],
        "coil4": [
            -0.04034620373867433,
            0.0913752115229216,
            0.030306983632130857
        ],
        "coil5": [
            0.0426306866914809,
            0.09309575462073516,
            0.025810441396081296
        ]
    },
    "HeadCoilCoordinateSystem": "KitYokogawa",
    "HeadCoilCoordinateUnits": "m",
    "AnatomicalLandmarkCoordinates": {
        "NAS": [
            0.0,
            0.09713350480645044,
            0.0
        ],
        "LPA": [
            -0.07245401657765614,
            -5.551115123125783e-17,
            0.0
        ],
        "RPA": [
            0.07635671568994609,
            -5.551115123125783e-17,
            0.0
        ],
        "coil1": [
            -0.07208565768031917,
            0.009985675807627326,
            -0.0014772950036197746
        ],
        "coil2": [
            0.07324164793914437,
            0.00667125854521905,
            -0.006605112957456236
        ],
        "coil3": [
            -0.00030869281610274024,
            0.10658902862333963,
            0.02553352795411412
        ],
        "coil4": [
            -0.04034620373867433,
            0.0913752115229216,
            0.030306983632130857
        ],
        "coil5": [
            0.0426306866914809,
            0.09309575462073516,
            0.025810441396081296
        ]
    },
    "AnatomicalLandmarkCoordinateSystem": "KitYokogawa",
    "AnatomicalLandmarkCoordinateUnits": "m"
}
