{
    "MEGCoordinateSystem": "KitYokogawa",
    "MEGCoordinateUnits": "m",
    "MEGCoordinateSystemDescription": "ALS orientation and the origin between the ears",
    "HeadCoilCoordinates": {
        "NAS": [
            -1.3877787807814457e-17,
            0.09689906800944266,
            -1.3877787807814457e-17
        ],
        "LPA": [
            -0.07677795681158367,
            -8.673617379884035e-19,
            0.0
        ],
        "RPA": [
            0.06627864558152505,
            -8.673617379884035e-19,
            0.0
        ],
        "coil1": [
            -0.0752730963820844,
            0.002078440816549624,
            -0.010166448013432625
        ],
        "coil2": [
            0.06262196504725284,
            0.006391538239498418,
            -0.011923889949731356
        ],
        "coil3": [
            0.007072945067362668,
            0.11123564158022199,
            0.037003767367305984
        ],
        "coil4": [
            -0.029071234798599813,
            0.10127467158021164,
            0.036195578864636924
        ],
        "coil5": [
            0.041911634356407906,
            0.09033367562076479,
            0.03980753164788617
        ]
    },
    "HeadCoilCoordinateSystem": "KitYokogawa",
    "HeadCoilCoordinateUnits": "m",
    "AnatomicalLandmarkCoordinates": {
        "NAS": [
            -1.3877787807814457e-17,
            0.09689906800944266,
            -1.3877787807814457e-17
        ],
        "LPA": [
            -0.07677795681158367,
            -8.673617379884035e-19,
            0.0
        ],
        "RPA": [
            0.06627864558152505,
            -8.673617379884035e-19,
            0.0
        ],
        "coil1": [
            -0.0752730963820844,
            0.002078440816549624,
            -0.010166448013432625
        ],
        "coil2": [
            0.06262196504725284,
            0.006391538239498418,
            -0.011923889949731356
        ],
        "coil3": [
            0.007072945067362668,
            0.11123564158022199,
            0.037003767367305984
        ],
        "coil4": [
            -0.029071234798599813,
            0.10127467158021164,
            0.036195578864636924
        ],
        "coil5": [
            0.041911634356407906,
            0.09033367562076479,
            0.03980753164788617
        ]
    },
    "AnatomicalLandmarkCoordinateSystem": "KitYokogawa",
    "AnatomicalLandmarkCoordinateUnits": "m"
}
