{
    "MEGCoordinateSystem": "KitYokogawa",
    "MEGCoordinateUnits": "m",
    "MEGCoordinateSystemDescription": "ALS orientation and the origin between the ears",
    "HeadCoilCoordinates": {
        "NAS": [
            0.0,
            0.10506690829436895,
            0.0
        ],
        "LPA": [
            -0.07707070455706679,
            3.469446951953614e-18,
            1.3877787807814457e-17
        ],
        "RPA": [
            0.07311360144106342,
            8.673617379884035e-19,
            1.3877787807814457e-17
        ],
        "coil1": [
            -0.07031498354948935,
            0.014921557969828053,
            -0.008661044992426634
        ],
        "coil2": [
            0.06854701006767093,
            0.011763655378996474,
            -0.0038071882594198497
        ],
        "coil3": [
            -0.0004394870491382791,
            0.11257827283713898,
            0.02351606948066058
        ],
        "coil4": [
            -0.04119977518048416,
            0.09707768069089216,
            0.0287320438311897
        ],
        "coil5": [
            0.03823378226504899,
            0.09695822706895527,
            0.02581567008124036
        ]
    },
    "HeadCoilCoordinateSystem": "KitYokogawa",
    "HeadCoilCoordinateUnits": "m",
    "AnatomicalLandmarkCoordinates": {
        "NAS": [
            0.0,
            0.10506690829436895,
            0.0
        ],
        "LPA": [
            -0.07707070455706679,
            3.469446951953614e-18,
            1.3877787807814457e-17
        ],
        "RPA": [
            0.07311360144106342,
            8.673617379884035e-19,
            1.3877787807814457e-17
        ],
        "coil1": [
            -0.07031498354948935,
            0.014921557969828053,
            -0.008661044992426634
        ],
        "coil2": [
            0.06854701006767093,
            0.011763655378996474,
            -0.0038071882594198497
        ],
        "coil3": [
            -0.0004394870491382791,
            0.11257827283713898,
            0.02351606948066058
        ],
        "coil4": [
            -0.04119977518048416,
            0.09707768069089216,
            0.0287320438311897
        ],
        "coil5": [
            0.03823378226504899,
            0.09695822706895527,
            0.02581567008124036
        ]
    },
    "AnatomicalLandmarkCoordinateSystem": "KitYokogawa",
    "AnatomicalLandmarkCoordinateUnits": "m"
}
