{
    "MEGCoordinateSystem": "KitYokogawa",
    "MEGCoordinateUnits": "m",
    "MEGCoordinateSystemDescription": "ALS orientation and the origin between the ears",
    "HeadCoilCoordinates": {
        "NAS": [
            2.7755575615628914e-17,
            0.09925741268484467,
            2.7755575615628914e-17
        ],
        "LPA": [
            -0.07997375116249356,
            5.551115123125783e-17,
            0.0
        ],
        "RPA": [
            0.06878444120737223,
            5.551115123125783e-17,
            0.0
        ],
        "coil1": [
            -0.07765510423666638,
            0.009136323556504289,
            -0.008710330612222261
        ],
        "coil2": [
            0.06335688073290413,
            0.006546556294568018,
            -0.008081438116947115
        ],
        "coil3": [
            -0.001609453997429039,
            0.109762660246643,
            0.0209998798490727
        ],
        "coil4": [
            -0.044881802967461124,
            0.09407068378933314,
            0.03044360498584983
        ],
        "coil5": [
            0.040418452497799934,
            0.09170501444047074,
            0.02571292565270375
        ]
    },
    "HeadCoilCoordinateSystem": "KitYokogawa",
    "HeadCoilCoordinateUnits": "m",
    "AnatomicalLandmarkCoordinates": {
        "NAS": [
            2.7755575615628914e-17,
            0.09925741268484467,
            2.7755575615628914e-17
        ],
        "LPA": [
            -0.07997375116249356,
            5.551115123125783e-17,
            0.0
        ],
        "RPA": [
            0.06878444120737223,
            5.551115123125783e-17,
            0.0
        ],
        "coil1": [
            -0.07765510423666638,
            0.009136323556504289,
            -0.008710330612222261
        ],
        "coil2": [
            0.06335688073290413,
            0.006546556294568018,
            -0.008081438116947115
        ],
        "coil3": [
            -0.001609453997429039,
            0.109762660246643,
            0.0209998798490727
        ],
        "coil4": [
            -0.044881802967461124,
            0.09407068378933314,
            0.03044360498584983
        ],
        "coil5": [
            0.040418452497799934,
            0.09170501444047074,
            0.02571292565270375
        ]
    },
    "AnatomicalLandmarkCoordinateSystem": "KitYokogawa",
    "AnatomicalLandmarkCoordinateUnits": "m"
}
