{
    "MEGCoordinateSystem": "KitYokogawa",
    "MEGCoordinateUnits": "m",
    "MEGCoordinateSystemDescription": "ALS orientation and the origin between the ears",
    "HeadCoilCoordinates": {
        "NAS": [
            0.0,
            0.09960763805836953,
            0.0
        ],
        "LPA": [
            -0.07489659183082265,
            0.0,
            0.0
        ],
        "RPA": [
            0.0628880744102,
            0.0,
            0.0
        ],
        "coil1": [
            -0.07044311179679179,
            0.010789418568028897,
            -0.00461237497503858
        ],
        "coil2": [
            0.05980853489150087,
            0.004344825901255567,
            -0.00571569983996259
        ],
        "coil3": [
            0.0012689772450016346,
            0.11047529678715262,
            0.02528351808226803
        ],
        "coil4": [
            -0.042288115418065486,
            0.0932746123493493,
            0.032348583803271186
        ],
        "coil5": [
            0.03993446020332114,
            0.09331644412477624,
            0.029688622890415156
        ]
    },
    "HeadCoilCoordinateSystem": "KitYokogawa",
    "HeadCoilCoordinateUnits": "m",
    "AnatomicalLandmarkCoordinates": {
        "NAS": [
            0.0,
            0.09960763805836953,
            0.0
        ],
        "LPA": [
            -0.07489659183082265,
            0.0,
            0.0
        ],
        "RPA": [
            0.0628880744102,
            0.0,
            0.0
        ],
        "coil1": [
            -0.07044311179679179,
            0.010789418568028897,
            -0.00461237497503858
        ],
        "coil2": [
            0.05980853489150087,
            0.004344825901255567,
            -0.00571569983996259
        ],
        "coil3": [
            0.0012689772450016346,
            0.11047529678715262,
            0.02528351808226803
        ],
        "coil4": [
            -0.042288115418065486,
            0.0932746123493493,
            0.032348583803271186
        ],
        "coil5": [
            0.03993446020332114,
            0.09331644412477624,
            0.029688622890415156
        ]
    },
    "AnatomicalLandmarkCoordinateSystem": "KitYokogawa",
    "AnatomicalLandmarkCoordinateUnits": "m"
}
