{
    "MEGCoordinateSystem": "KitYokogawa",
    "MEGCoordinateUnits": "m",
    "MEGCoordinateSystemDescription": "ALS orientation and the origin between the ears",
    "HeadCoilCoordinates": {
        "NAS": [
            2.7755575615628914e-17,
            0.100585170554152,
            -2.7755575615628914e-17
        ],
        "LPA": [
            -0.06696731428571814,
            0.0,
            0.0
        ],
        "RPA": [
            0.0711699588172717,
            0.0,
            0.0
        ],
        "coil1": [
            -0.06481354954549352,
            0.009055042727730223,
            7.318198374617335e-05
        ],
        "coil2": [
            0.06852484154101288,
            0.012707579838756311,
            -0.004388522231511566
        ],
        "coil3": [
            0.0018797970131957248,
            0.11235777379576461,
            0.03230348268476252
        ],
        "coil4": [
            -0.0376615849214081,
            0.10108259397069097,
            0.02977300344476927
        ],
        "coil5": [
            0.04106076033056744,
            0.0986673577309009,
            0.028448634827363428
        ]
    },
    "HeadCoilCoordinateSystem": "KitYokogawa",
    "HeadCoilCoordinateUnits": "m",
    "AnatomicalLandmarkCoordinates": {
        "NAS": [
            2.7755575615628914e-17,
            0.100585170554152,
            -2.7755575615628914e-17
        ],
        "LPA": [
            -0.06696731428571814,
            0.0,
            0.0
        ],
        "RPA": [
            0.0711699588172717,
            0.0,
            0.0
        ],
        "coil1": [
            -0.06481354954549352,
            0.009055042727730223,
            7.318198374617335e-05
        ],
        "coil2": [
            0.06852484154101288,
            0.012707579838756311,
            -0.004388522231511566
        ],
        "coil3": [
            0.0018797970131957248,
            0.11235777379576461,
            0.03230348268476252
        ],
        "coil4": [
            -0.0376615849214081,
            0.10108259397069097,
            0.02977300344476927
        ],
        "coil5": [
            0.04106076033056744,
            0.0986673577309009,
            0.028448634827363428
        ]
    },
    "AnatomicalLandmarkCoordinateSystem": "KitYokogawa",
    "AnatomicalLandmarkCoordinateUnits": "m"
}
