{
    "MEGCoordinateSystem": "KitYokogawa",
    "MEGCoordinateUnits": "m",
    "MEGCoordinateSystemDescription": "ALS orientation and the origin between the ears",
    "HeadCoilCoordinates": {
        "NAS": [
            -2.7755575615628914e-17,
            0.11112551464939513,
            0.0
        ],
        "LPA": [
            -0.08181650035168372,
            0.0,
            0.0
        ],
        "RPA": [
            0.0752965148510677,
            0.0,
            0.0
        ],
        "coil1": [
            -0.07843865825206431,
            0.00875203786364509,
            0.00011462754189561775
        ],
        "coil2": [
            0.07421865705926439,
            0.009541540298170503,
            -0.0004817830829709213
        ],
        "coil3": [
            -0.0006643546214507023,
            0.11705349890294797,
            0.03879542650644002
        ],
        "coil4": [
            -0.04261798873835593,
            0.10304413926262085,
            0.04290342360634419
        ],
        "coil5": [
            0.04264055223422811,
            0.10273223451845098,
            0.037407129538813366
        ]
    },
    "HeadCoilCoordinateSystem": "KitYokogawa",
    "HeadCoilCoordinateUnits": "m",
    "AnatomicalLandmarkCoordinates": {
        "NAS": [
            -2.7755575615628914e-17,
            0.11112551464939513,
            0.0
        ],
        "LPA": [
            -0.08181650035168372,
            0.0,
            0.0
        ],
        "RPA": [
            0.0752965148510677,
            0.0,
            0.0
        ],
        "coil1": [
            -0.07843865825206431,
            0.00875203786364509,
            0.00011462754189561775
        ],
        "coil2": [
            0.07421865705926439,
            0.009541540298170503,
            -0.0004817830829709213
        ],
        "coil3": [
            -0.0006643546214507023,
            0.11705349890294797,
            0.03879542650644002
        ],
        "coil4": [
            -0.04261798873835593,
            0.10304413926262085,
            0.04290342360634419
        ],
        "coil5": [
            0.04264055223422811,
            0.10273223451845098,
            0.037407129538813366
        ]
    },
    "AnatomicalLandmarkCoordinateSystem": "KitYokogawa",
    "AnatomicalLandmarkCoordinateUnits": "m"
}
