{
    "MEGCoordinateSystem": "KitYokogawa",
    "MEGCoordinateUnits": "m",
    "MEGCoordinateSystemDescription": "ALS orientation and the origin between the ears",
    "HeadCoilCoordinates": {
        "NAS": [
            -6.938893903907228e-18,
            0.09950874691356926,
            0.0
        ],
        "LPA": [
            -0.07764210201341296,
            0.0,
            -2.7755575615628914e-17
        ],
        "RPA": [
            0.07301771943679985,
            0.0,
            -2.7755575615628914e-17
        ],
        "coil1": [
            -0.07626555606782696,
            0.015366370196328472,
            -0.007106942558447987
        ],
        "coil2": [
            0.07163773605723167,
            0.010932518697659321,
            -0.0019148654724144842
        ],
        "coil3": [
            -0.0009207964427718762,
            0.11278450674230794,
            0.02579558458904596
        ],
        "coil4": [
            -0.04133155033950298,
            0.09786833612576606,
            0.02886224105921764
        ],
        "coil5": [
            0.03993429507573267,
            0.09411688440594668,
            0.03251346085551651
        ]
    },
    "HeadCoilCoordinateSystem": "KitYokogawa",
    "HeadCoilCoordinateUnits": "m",
    "AnatomicalLandmarkCoordinates": {
        "NAS": [
            -6.938893903907228e-18,
            0.09950874691356926,
            0.0
        ],
        "LPA": [
            -0.07764210201341296,
            0.0,
            -2.7755575615628914e-17
        ],
        "RPA": [
            0.07301771943679985,
            0.0,
            -2.7755575615628914e-17
        ],
        "coil1": [
            -0.07626555606782696,
            0.015366370196328472,
            -0.007106942558447987
        ],
        "coil2": [
            0.07163773605723167,
            0.010932518697659321,
            -0.0019148654724144842
        ],
        "coil3": [
            -0.0009207964427718762,
            0.11278450674230794,
            0.02579558458904596
        ],
        "coil4": [
            -0.04133155033950298,
            0.09786833612576606,
            0.02886224105921764
        ],
        "coil5": [
            0.03993429507573267,
            0.09411688440594668,
            0.03251346085551651
        ]
    },
    "AnatomicalLandmarkCoordinateSystem": "KitYokogawa",
    "AnatomicalLandmarkCoordinateUnits": "m"
}
