{
    "MEGCoordinateSystem": "KitYokogawa",
    "MEGCoordinateUnits": "m",
    "MEGCoordinateSystemDescription": "ALS orientation and the origin between the ears",
    "HeadCoilCoordinates": {
        "NAS": [
            0.0,
            0.09735070148645365,
            0.0
        ],
        "LPA": [
            -0.07419034624926209,
            -5.204170427930421e-18,
            0.0
        ],
        "RPA": [
            0.06654906124465913,
            6.938893903907228e-18,
            0.0
        ],
        "coil1": [
            -0.07195834087874371,
            0.011875234500409844,
            -0.010242278572478558
        ],
        "coil2": [
            0.06514570245065163,
            0.010511346550920894,
            -0.005712117477934556
        ],
        "coil3": [
            -0.0006606679237584206,
            0.11018148732555957,
            0.04428501519854673
        ],
        "coil4": [
            -0.03607636314426933,
            0.09911460893483862,
            0.04634644015300786
        ],
        "coil5": [
            0.039655691329744024,
            0.08588543128382566,
            0.04786889723056921
        ]
    },
    "HeadCoilCoordinateSystem": "KitYokogawa",
    "HeadCoilCoordinateUnits": "m",
    "AnatomicalLandmarkCoordinates": {
        "NAS": [
            0.0,
            0.09735070148645365,
            0.0
        ],
        "LPA": [
            -0.07419034624926209,
            -5.204170427930421e-18,
            0.0
        ],
        "RPA": [
            0.06654906124465913,
            6.938893903907228e-18,
            0.0
        ],
        "coil1": [
            -0.07195834087874371,
            0.011875234500409844,
            -0.010242278572478558
        ],
        "coil2": [
            0.06514570245065163,
            0.010511346550920894,
            -0.005712117477934556
        ],
        "coil3": [
            -0.0006606679237584206,
            0.11018148732555957,
            0.04428501519854673
        ],
        "coil4": [
            -0.03607636314426933,
            0.09911460893483862,
            0.04634644015300786
        ],
        "coil5": [
            0.039655691329744024,
            0.08588543128382566,
            0.04786889723056921
        ]
    },
    "AnatomicalLandmarkCoordinateSystem": "KitYokogawa",
    "AnatomicalLandmarkCoordinateUnits": "m"
}
