{
    "MEGCoordinateSystem": "KitYokogawa",
    "MEGCoordinateUnits": "m",
    "MEGCoordinateSystemDescription": "ALS orientation and the origin between the ears",
    "HeadCoilCoordinates": {
        "NAS": [
            1.3877787807814457e-17,
            0.09401502583404514,
            1.3877787807814457e-17
        ],
        "LPA": [
            -0.06940784798136179,
            0.0,
            2.7755575615628914e-17
        ],
        "RPA": [
            0.0689355885343255,
            0.0,
            2.7755575615628914e-17
        ],
        "coil1": [
            -0.06827061526788819,
            0.012303583598388068,
            -0.008651482051237225
        ],
        "coil2": [
            0.06798710492408121,
            0.009980532610169845,
            -0.005581639403296659
        ],
        "coil3": [
            -0.005910705841525615,
            0.10793075359878074,
            0.029378645657223923
        ],
        "coil4": [
            -0.04416146156277698,
            0.09186200185888471,
            0.03252277397119993
        ],
        "coil5": [
            0.03912111770807643,
            0.09231715987999123,
            0.031203978115184217
        ]
    },
    "HeadCoilCoordinateSystem": "KitYokogawa",
    "HeadCoilCoordinateUnits": "m",
    "AnatomicalLandmarkCoordinates": {
        "NAS": [
            1.3877787807814457e-17,
            0.09401502583404514,
            1.3877787807814457e-17
        ],
        "LPA": [
            -0.06940784798136179,
            0.0,
            2.7755575615628914e-17
        ],
        "RPA": [
            0.0689355885343255,
            0.0,
            2.7755575615628914e-17
        ],
        "coil1": [
            -0.06827061526788819,
            0.012303583598388068,
            -0.008651482051237225
        ],
        "coil2": [
            0.06798710492408121,
            0.009980532610169845,
            -0.005581639403296659
        ],
        "coil3": [
            -0.005910705841525615,
            0.10793075359878074,
            0.029378645657223923
        ],
        "coil4": [
            -0.04416146156277698,
            0.09186200185888471,
            0.03252277397119993
        ],
        "coil5": [
            0.03912111770807643,
            0.09231715987999123,
            0.031203978115184217
        ]
    },
    "AnatomicalLandmarkCoordinateSystem": "KitYokogawa",
    "AnatomicalLandmarkCoordinateUnits": "m"
}
